date,england,regions,diff
2020-09-01,1962.0,1941.0,21.0
2020-09-02,2696.0,2670.0,26.0
2020-09-03,2716.0,2691.0,25.0
2020-09-04,2637.0,2611.0,26.0
2020-09-05,2200.0,2184.0,16.0
2020-09-06,2079.0,2066.0,13.0
2020-09-07,3530.0,3499.0,31.0
2020-09-08,3071.0,3045.0,26.0
2020-09-09,2893.0,2863.0,30.0
2020-09-10,3143.0,3104.0,39.0
2020-09-11,2893.0,2791.0,102.0
2020-09-12,2224.0,2197.0,27.0
2020-09-13,1722.0,1698.0,24.0
2020-09-14,2941.0,2876.0,65.0
2020-09-15,3057.0,2994.0,63.0
2020-09-16,3778.0,3721.0,57.0
2020-09-17,3979.0,3894.0,85.0
2020-09-18,4290.0,4220.0,70.0
2020-09-19,4215.0,4157.0,58.0
2020-09-20,4652.0,4618.0,34.0
2020-09-21,4727.0,4656.0,71.0
2020-09-22,5400.0,5319.0,81.0
2020-09-23,5933.0,5838.0,95.0
2020-09-24,6361.0,6278.0,83.0
2020-09-25,6105.0,5988.0,117.0
2020-09-26,5704.0,5630.0,74.0
2020-09-27,6084.0,6007.0,77.0
2020-09-28,8641.0,8491.0,150.0
2020-09-29,8832.0,8731.0,101.0
2020-09-30,10663.0,10573.0,90.0
2020-10-01,11444.0,11358.0,86.0
2020-10-02,11719.0,11618.0,101.0
2020-10-03,9820.0,9750.0,70.0
2020-10-04,9966.0,9926.0,40.0
2020-10-05,14218.0,14094.0,124.0
2020-10-06,14458.0,14337.0,121.0
2020-10-07,15418.0,15269.0,149.0
2020-10-08,15452.0,15335.0,117.0
2020-10-09,13159.0,13026.0,133.0
2020-10-10,10301.0,10219.0,82.0
2020-10-11,9781.0,9716.0,65.0
2020-10-12,16420.0,16258.0,162.0
2020-10-13,15660.0,15523.0,137.0
2020-10-14,16646.0,16448.0,198.0
2020-10-15,15428.0,15252.0,176.0
2020-10-16,14761.0,14595.0,166.0
2020-10-17,12487.0,12395.0,92.0
2020-10-18,11982.0,11885.0,97.0
2020-10-19,22369.0,22152.0,217.0
2020-10-20,21638.0,21459.0,179.0
2020-10-21,21762.0,21550.0,212.0
2020-10-22,19866.0,19685.0,181.0
2020-10-23,18359.0,18178.0,181.0
2020-10-24,13713.0,13619.0,94.0
2020-10-25,13353.0,13267.0,86.0
2020-10-26,23033.0,22850.0,183.0
2020-10-27,20762.0,20571.0,191.0
2020-10-28,20547.0,20389.0,158.0
2020-10-29,20257.0,20098.0,159.0
2020-10-30,19899.0,19764.0,135.0
2020-10-31,14565.0,14479.0,86.0
2020-11-01,13611.0,13521.0,90.0
2020-11-02,28394.0,28216.0,178.0
2020-11-03,22690.0,22507.0,183.0
2020-11-04,21053.0,20891.0,162.0
2020-11-05,21206.0,21044.0,162.0
2020-11-06,21179.0,21020.0,159.0
2020-11-07,16888.0,16806.0,82.0
2020-11-08,18272.0,18217.0,55.0
2020-11-09,28560.0,28417.0,143.0
2020-11-10,24836.0,24675.0,161.0
2020-11-11,25065.0,24922.0,143.0
2020-11-12,22320.0,22192.0,128.0
2020-11-13,22008.0,21864.0,144.0
2020-11-14,16290.0,16221.0,69.0
2020-11-15,14422.0,14356.0,66.0
2020-11-16,24136.0,23996.0,140.0
2020-11-17,20677.0,20510.0,167.0
2020-11-18,18545.0,18406.0,139.0
2020-11-19,15797.0,15691.0,106.0
2020-11-20,14960.0,14851.0,109.0
2020-11-21,10806.0,10744.0,62.0
2020-11-22,10216.0,10164.0,52.0
2020-11-23,16472.0,16363.0,109.0
2020-11-24,14266.0,14147.0,119.0
2020-11-25,14155.0,14065.0,90.0
2020-11-26,12459.0,12356.0,103.0
2020-11-27,12459.0,12333.0,126.0
2020-11-28,9347.0,9297.0,50.0
2020-11-29,9068.0,9002.0,66.0
2020-11-30,15228.0,15103.0,125.0
2020-12-01,13731.0,13596.0,135.0
2020-12-02,13662.0,13528.0,134.0
2020-12-03,12762.0,12647.0,115.0
2020-12-04,13065.0,12938.0,127.0
2020-12-05,10302.0,10231.0,71.0
2020-12-06,11036.0,10985.0,51.0
2020-12-07,17662.0,17522.0,140.0
2020-12-08,16937.0,16774.0,163.0
2020-12-09,17744.0,17597.0,147.0
2020-12-10,18850.0,18652.0,198.0
2020-12-11,20177.0,20020.0,157.0
2020-12-12,16268.0,16164.0,104.0
2020-12-13,18409.0,18315.0,94.0
2020-12-14,30019.0,29757.0,262.0
2020-12-15,29652.0,29401.0,251.0
2020-12-16,30650.0,30371.0,279.0
2020-12-17,30159.0,29897.0,262.0
2020-12-18,32426.0,32072.0,354.0
2020-12-19,22195.0,21951.0,244.0
2020-12-20,29556.0,29359.0,197.0
2020-12-21,43446.0,43008.0,438.0
2020-12-22,41741.0,41358.0,383.0
2020-12-23,38383.0,37990.0,393.0
2020-12-24,29287.0,29015.0,272.0
2020-12-25,12926.0,12870.0,56.0
2020-12-26,37462.0,37258.0,204.0
2020-12-27,43250.0,43024.0,226.0
2020-12-28,40845.0,40524.0,321.0
2020-12-29,74058.0,73590.0,468.0
2020-12-30,64243.0,63789.0,454.0
2020-12-31,47824.0,47479.0,345.0
2021-01-01,28879.0,28701.0,178.0
2021-01-02,55428.0,55156.0,272.0
2021-01-03,50664.0,50413.0,251.0
2021-01-04,70920.0,70420.0,500.0
2021-01-05,59600.0,59205.0,395.0
2021-01-06,52752.0,52309.0,443.0
2021-01-07,48132.0,47674.0,458.0
2021-01-08,43494.0,43133.0,361.0
2021-01-09,36419.0,36158.0,261.0
2021-01-10,33749.0,33560.0,189.0
2021-01-11,53519.0,53045.0,474.0
2021-01-12,45968.0,45548.0,420.0
2021-01-13,42303.0,41934.0,369.0
2021-01-14,39658.0,39308.0,350.0
2021-01-15,37879.0,37548.0,331.0
2021-01-16,28413.0,28181.0,232.0
2021-01-17,26976.0,26807.0,169.0
2021-01-18,41935.0,41601.0,334.0
2021-01-19,37055.0,36700.0,355.0
2021-01-20,32679.0,32416.0,263.0
2021-01-21,29633.0,29373.0,260.0
2021-01-22,27741.0,27501.0,240.0
2021-01-23,20425.0,20300.0,125.0
2021-01-24,15883.0,15790.0,93.0
2021-01-25,27972.0,27753.0,219.0
2021-01-26,25210.0,25023.0,187.0
2021-01-27,23899.0,23709.0,190.0
2021-01-28,22523.0,22345.0,178.0
2021-01-29,20363.0,20186.0,177.0
2021-01-30,15524.0,15409.0,115.0
2021-01-31,14138.0,14048.0,90.0
2021-02-01,20765.0,20608.0,157.0
2021-02-02,18193.0,18049.0,144.0
2021-02-03,17948.0,17815.0,133.0
2021-02-04,16717.0,16583.0,134.0
2021-02-05,14461.0,14319.0,142.0
2021-02-06,10951.0,10888.0,63.0
2021-02-07,10457.0,10404.0,53.0
2021-02-08,14370.0,14282.0,88.0
2021-02-09,12696.0,12592.0,104.0
2021-02-10,12272.0,12167.0,105.0
2021-02-11,11637.0,11561.0,76.0
2021-02-12,10986.0,10904.0,82.0
2021-02-13,8025.0,7977.0,48.0
2021-02-14,7781.0,7741.0,40.0
2021-02-15,12953.0,12865.0,88.0
2021-02-16,11268.0,11187.0,81.0
2021-02-17,10419.0,10326.0,93.0
2021-02-18,10303.0,10236.0,67.0
2021-02-19,9246.0,9166.0,80.0
2021-02-20,7161.0,7126.0,35.0
2021-02-21,7033.0,6993.0,40.0
2021-02-22,10279.0,10223.0,56.0
2021-02-23,8536.0,8476.0,60.0
2021-02-24,7621.0,7553.0,68.0
2021-02-25,6934.0,6883.0,51.0
2021-02-26,5883.0,5833.0,50.0
2021-02-27,4254.0,4215.0,39.0
2021-02-28,4112.0,4089.0,23.0
2021-03-01,6215.0,6168.0,47.0
2021-03-02,5950.0,5889.0,61.0
2021-03-03,5305.0,5276.0,29.0
2021-03-04,5011.0,4971.0,40.0
2021-03-05,4728.0,4690.0,38.0
2021-03-06,3832.0,3793.0,39.0
2021-03-07,3677.0,3653.0,24.0
2021-03-08,5818.0,5776.0,42.0
2021-03-09,5488.0,5447.0,41.0
2021-03-10,5222.0,5188.0,34.0
2021-03-11,4848.0,4807.0,41.0
2021-03-12,4767.0,4734.0,33.0
2021-03-13,3592.0,3569.0,23.0
2021-03-14,3707.0,3692.0,15.0
2021-03-15,5643.0,5596.0,47.0
2021-03-16,4933.0,4883.0,50.0
2021-03-17,5048.0,4998.0,50.0
2021-03-18,4689.0,4636.0,53.0
2021-03-19,4333.0,4290.0,43.0
2021-03-20,3514.0,3484.0,30.0
2021-03-21,4679.0,4645.0,34.0
2021-03-22,5400.0,5355.0,45.0
2021-03-23,4566.0,4500.0,66.0
2021-03-24,5321.0,5269.0,52.0
2021-03-25,4674.0,4610.0,64.0
2021-03-26,3803.0,3753.0,50.0
2021-03-27,3136.0,3108.0,28.0
2021-03-28,4477.0,4461.0,16.0
2021-03-29,3422.0,3386.0,36.0
2021-03-30,3135.0,3109.0,26.0
2021-03-31,3340.0,3304.0,36.0
2021-04-01,3067.0,3019.0,48.0
2021-04-02,2248.0,2217.0,31.0
2021-04-03,2121.0,2094.0,27.0
2021-04-04,2042.0,2023.0,19.0
2021-04-05,2314.0,2293.0,21.0
2021-04-06,2756.0,2709.0,47.0
2021-04-07,2752.0,2715.0,37.0
2021-04-08,2651.0,2602.0,49.0
2021-04-09,2482.0,2440.0,42.0
2021-04-10,2009.0,1971.0,38.0
2021-04-11,2020.0,1991.0,29.0
2021-04-12,2399.0,2358.0,41.0
2021-04-13,2060.0,2017.0,43.0
2021-04-14,2068.0,2021.0,47.0
2021-04-15,1959.0,1934.0,25.0
2021-04-16,1963.0,1915.0,48.0
2021-04-17,1398.0,1363.0,35.0
2021-04-18,2281.0,2253.0,28.0
2021-04-19,2268.0,2228.0,40.0
2021-04-20,2112.0,2082.0,30.0
2021-04-21,2298.0,2262.0,36.0
2021-04-22,2032.0,2012.0,20.0
2021-04-23,1701.0,1671.0,30.0
2021-04-24,1300.0,1277.0,23.0
2021-04-25,1897.0,1876.0,21.0
2021-04-26,2267.0,2238.0,29.0
2021-04-27,1809.0,1786.0,23.0
2021-04-28,2153.0,2127.0,26.0
2021-04-29,1901.0,1837.0,64.0
2021-04-30,1528.0,1498.0,30.0
2021-05-01,1210.0,1184.0,26.0
2021-05-02,1305.0,1290.0,15.0
2021-05-03,1806.0,1789.0,17.0
2021-05-04,2200.0,2163.0,37.0
2021-05-05,2203.0,2170.0,33.0
2021-05-06,1967.0,1947.0,20.0
2021-05-07,1657.0,1633.0,24.0
2021-05-08,1301.0,1287.0,14.0
2021-05-09,1985.0,1976.0,9.0
2021-05-10,2325.0,2301.0,24.0
2021-05-11,1872.0,1844.0,28.0
2021-05-12,1869.0,1851.0,18.0
2021-05-13,1737.0,1720.0,17.0
2021-05-14,1540.0,1518.0,22.0
2021-05-15,1306.0,1292.0,14.0
2021-05-16,1587.0,1576.0,11.0
2021-05-17,2341.0,2322.0,19.0
2021-05-18,2241.0,2220.0,21.0
2021-05-19,2261.0,2240.0,21.0
2021-05-20,2000.0,1983.0,17.0
2021-05-21,1872.0,1856.0,16.0
2021-05-22,1606.0,1587.0,19.0
2021-05-23,1918.0,1906.0,12.0
2021-05-24,2750.0,2728.0,22.0
2021-05-25,2797.0,2771.0,26.0
2021-05-26,3179.0,3147.0,32.0
2021-05-27,3075.0,3037.0,38.0
2021-05-28,2929.0,2898.0,31.0
2021-05-29,2462.0,2441.0,21.0
2021-05-30,2598.0,2581.0,17.0
2021-05-31,3170.0,3149.0,21.0
2021-06-01,4515.0,4455.0,60.0
2021-06-02,5039.0,4994.0,45.0
2021-06-03,5131.0,5081.0,50.0
2021-06-04,4886.0,4844.0,42.0
2021-06-05,3964.0,3937.0,27.0
2021-06-06,4730.0,4704.0,26.0
2021-06-07,6791.0,6721.0,70.0
2021-06-08,6630.0,6575.0,55.0
2021-06-09,6919.0,6872.0,47.0
2021-06-10,6718.0,6651.0,67.0
2021-06-11,6510.0,6453.0,57.0
2021-06-12,5422.0,5384.0,38.0
2021-06-13,6075.0,6038.0,37.0
2021-06-14,8941.0,8872.0,69.0
2021-06-15,9153.0,9062.0,91.0
2021-06-16,9411.0,9334.0,77.0
2021-06-17,9523.0,9451.0,72.0
2021-06-18,8772.0,8717.0,55.0
2021-06-19,7127.0,7082.0,45.0
2021-06-20,8203.0,8156.0,47.0
2021-06-21,12707.0,12585.0,122.0
2021-06-22,13563.0,13486.0,77.0
2021-06-23,14806.0,14716.0,90.0
2021-06-24,15084.0,14977.0,107.0
2021-06-25,14901.0,14774.0,127.0
2021-06-26,13486.0,13404.0,82.0
2021-06-27,15407.0,15352.0,55.0
2021-06-28,23511.0,23383.0,128.0
2021-06-29,23250.0,23091.0,159.0
2021-06-30,23941.0,23792.0,149.0
2021-07-01,24267.0,24082.0,185.0
2021-07-02,22287.0,22138.0,149.0
2021-07-03,20638.0,20522.0,116.0
2021-07-04,21806.0,21701.0,105.0
2021-07-05,30215.0,30042.0,173.0
2021-07-06,31627.0,31444.0,183.0
2021-07-07,34274.0,34059.0,215.0
2021-07-08,29929.0,29695.0,234.0
2021-07-09,29050.0,28847.0,203.0
2021-07-10,25411.0,25239.0,172.0
2021-07-11,27418.0,27294.0,124.0
2021-07-12,40477.0,40233.0,244.0
2021-07-13,43247.0,42961.0,286.0
2021-07-14,50320.0,50086.0,234.0
2021-07-15,57583.0,57281.0,302.0
2021-07-16,51138.0,50900.0,238.0
2021-07-17,35281.0,35106.0,175.0
2021-07-18,33164.0,33017.0,147.0
2021-07-19,43401.0,43207.0,194.0
2021-07-20,35947.0,35689.0,258.0
2021-07-21,31676.0,31419.0,257.0
2021-07-22,27711.0,27497.0,214.0
2021-07-23,24586.0,24389.0,197.0
2021-07-24,20276.0,20119.0,157.0
2021-07-25,19657.0,19502.0,155.0
2021-07-26,26541.0,26319.0,222.0
2021-07-27,26027.0,25783.0,244.0
2021-07-28,26925.0,26702.0,223.0
2021-07-29,25361.0,25163.0,198.0
2021-07-30,22109.0,21910.0,199.0
2021-07-31,18450.0,18297.0,153.0
2021-08-01,18714.0,18526.0,188.0
2021-08-02,26580.0,26371.0,209.0
2021-08-03,27062.0,26841.0,221.0
2021-08-04,28895.0,28655.0,240.0
2021-08-05,28126.0,27894.0,232.0
2021-08-06,24851.0,24619.0,232.0
2021-08-07,19957.0,19815.0,142.0
2021-08-08,20157.0,20024.0,133.0
2021-08-09,28292.0,28060.0,232.0
2021-08-10,27610.0,27416.0,194.0
2021-08-11,29135.0,28910.0,225.0
2021-08-12,27690.0,27402.0,288.0
2021-08-13,24992.0,24748.0,244.0
2021-08-14,21336.0,21157.0,179.0
2021-08-15,21280.0,21100.0,180.0
2021-08-16,30861.0,30611.0,250.0
2021-08-17,31095.0,30848.0,247.0
2021-08-18,31426.0,31152.0,274.0
2021-08-19,29081.0,28807.0,274.0
2021-08-20,25555.0,25345.0,210.0
2021-08-21,22605.0,22389.0,216.0
2021-08-22,22409.0,22237.0,172.0
2021-08-23,30333.0,30097.0,236.0
2021-08-24,28212.0,27959.0,253.0
2021-08-25,27901.0,27642.0,259.0
2021-08-26,26482.0,26246.0,236.0
2021-08-27,24253.0,24038.0,215.0
2021-08-28,20138.0,19979.0,159.0
2021-08-29,19152.0,18999.0,153.0
2021-08-30,24973.0,24758.0,215.0
2021-08-31,33565.0,33387.0,178.0
2021-09-01,31600.0,31383.0,217.0
2021-09-02,30636.0,30404.0,232.0
2021-09-03,28730.0,28514.0,216.0
2021-09-04,23409.0,23246.0,163.0
2021-09-05,23457.0,23327.0,130.0
2021-09-06,33135.0,32928.0,207.0
2021-09-07,27938.0,27782.0,156.0
2021-09-08,25659.0,25477.0,182.0
2021-09-09,24440.0,24271.0,169.0
2021-09-10,21031.0,20858.0,173.0
2021-09-11,16956.0,16851.0,105.0
2021-09-12,17879.0,17755.0,124.0
2021-09-13,25199.0,25007.0,192.0
2021-09-14,22641.0,22469.0,172.0
2021-09-15,22414.0,22262.0,152.0
2021-09-16,22320.0,22139.0,181.0
2021-09-17,22375.0,22214.0,161.0
2021-09-18,20926.0,20817.0,109.0
2021-09-19,24789.0,24649.0,140.0
2021-09-20,32121.0,31967.0,154.0
2021-09-21,30547.0,30392.0,155.0
2021-09-22,28789.0,28625.0,164.0
2021-09-23,28340.0,28178.0,162.0
2021-09-24,25754.0,25604.0,150.0
2021-09-25,23389.0,23305.0,84.0
2021-09-26,26814.0,26708.0,106.0
2021-09-27,34595.0,34445.0,150.0
2021-09-28,29628.0,29468.0,160.0
2021-09-29,28688.0,28511.0,177.0
2021-09-30,26808.0,26670.0,138.0
2021-10-01,24134.0,23984.0,150.0
2021-10-02,21873.0,21718.0,155.0
2021-10-03,27138.0,26990.0,148.0
2021-10-04,36475.0,36293.0,182.0
2021-10-05,32269.0,32096.0,173.0
2021-10-06,32547.0,32372.0,175.0
2021-10-07,32158.0,32004.0,154.0
2021-10-08,29848.0,29684.0,164.0
2021-10-09,27180.0,27022.0,158.0
2021-10-10,31499.0,31348.0,151.0
2021-10-11,43115.0,42875.0,240.0
2021-10-12,40892.0,40678.0,214.0
2021-10-13,40547.0,40334.0,213.0
2021-10-14,39262.0,39023.0,239.0
2021-10-15,36631.0,36385.0,246.0
2021-10-16,31639.0,31428.0,211.0
2021-10-17,37501.0,37265.0,236.0
2021-10-18,49257.0,48987.0,270.0
2021-10-19,44630.0,44331.0,299.0
2021-10-20,43963.0,43674.0,289.0
2021-10-21,38581.0,38296.0,285.0
2021-10-22,34506.0,34282.0,224.0
2021-10-23,29747.0,29565.0,182.0
2021-10-24,30091.0,29922.0,169.0
2021-10-25,39958.0,39732.0,226.0
2021-10-26,35276.0,35089.0,187.0
2021-10-27,36524.0,36300.0,224.0
2021-10-28,35076.0,34871.0,205.0
2021-10-29,33995.0,33832.0,163.0
2021-10-30,28243.0,28090.0,153.0
2021-10-31,29564.0,29419.0,145.0
2021-11-01,37663.0,37471.0,192.0
2021-11-02,31328.0,31139.0,189.0
2021-11-03,29396.0,29222.0,174.0
2021-11-04,27379.0,27215.0,164.0
2021-11-05,24405.0,24252.0,153.0
2021-11-06,22581.0,22457.0,124.0
2021-11-07,25447.0,25332.0,115.0
2021-11-08,36138.0,35946.0,192.0
2021-11-09,34679.0,34505.0,174.0
2021-11-10,35390.0,35200.0,190.0
2021-11-11,33700.0,33503.0,197.0
2021-11-12,31337.0,31111.0,226.0
2021-11-13,27358.0,27226.0,132.0
2021-11-14,29599.0,29452.0,147.0
2021-11-15,42477.0,42284.0,193.0
2021-11-16,38656.0,38490.0,166.0
2021-11-17,38257.0,38097.0,160.0
2021-11-18,37099.0,36900.0,199.0
2021-11-19,33184.0,32998.0,186.0
2021-11-20,29868.0,29744.0,124.0
2021-11-21,31761.0,31622.0,139.0
2021-11-22,42869.0,42645.0,224.0
2021-11-23,41015.0,40841.0,174.0
2021-11-24,39881.0,39693.0,188.0
2021-11-25,37143.0,36963.0,180.0
2021-11-26,33666.0,33493.0,173.0
2021-11-27,28459.0,28294.0,165.0
2021-11-28,33857.0,33708.0,149.0
2021-11-29,47939.0,47670.0,269.0
2021-11-30,47632.0,47380.0,252.0
2021-12-01,47263.0,46997.0,266.0
2021-12-02,43045.0,42763.0,282.0
2021-12-03,39222.0,38918.0,304.0
2021-12-04,33379.0,33176.0,203.0
2021-12-05,35037.0,34823.0,214.0
2021-12-06,51123.0,50714.0,409.0
2021-12-07,48146.0,47778.0,368.0
2021-12-08,50059.0,49629.0,430.0
2021-12-09,48817.0,48491.0,326.0
2021-12-10,45018.0,44656.0,362.0
2021-12-11,41940.0,41673.0,267.0
2021-12-12,46367.0,46084.0,283.0
2021-12-13,76507.0,75934.0,573.0
2021-12-14,90717.0,90123.0,594.0
2021-12-15,99654.0,98955.0,699.0
2021-12-16,93804.0,93070.0,734.0
2021-12-17,84967.0,84236.0,731.0
2021-12-18,78930.0,78339.0,591.0
2021-12-19,78497.0,77935.0,562.0
2021-12-20,117577.0,116508.0,1069.0
2021-12-21,129599.0,128587.0,1012.0
2021-12-22,138142.0,137047.0,1095.0
2021-12-23,137021.0,135975.0,1046.0
2021-12-24,117562.0,116634.0,928.0
2021-12-25,59912.0,59517.0,395.0
2021-12-26,98918.0,98142.0,776.0
2021-12-27,155567.0,154335.0,1232.0
2021-12-28,170586.0,169268.0,1318.0
2021-12-29,224031.0,222195.0,1836.0
2021-12-30,192825.0,191127.0,1698.0
2021-12-31,152887.0,151499.0,1388.0
2022-01-01,99303.0,98046.0,1257.0
2022-01-02,148609.0,147354.0,1255.0
2022-01-03,193617.0,191625.0,1992.0
2022-01-04,234873.0,232731.0,2142.0
2022-01-05,183798.0,181963.0,1835.0
2022-01-06,150786.0,149245.0,1541.0
2022-01-07,105080.0,103789.0,1291.0
2022-01-08,81221.0,80272.0,949.0
2022-01-09,83081.0,82257.0,824.0
2022-01-10,116343.0,115124.0,1219.0
2022-01-11,100979.0,100122.0,857.0
2022-01-12,90000.0,89261.0,739.0
2022-01-13,84132.0,83421.0,711.0
2022-01-14,75174.0,74592.0,582.0
2022-01-15,67821.0,67359.0,462.0
2022-01-16,85599.0,85112.0,487.0
2022-01-17,114776.0,113969.0,807.0
2022-01-18,103308.0,102567.0,741.0
2022-01-19,97335.0,96755.0,580.0
2022-01-20,86951.0,86265.0,686.0
2022-01-21,79172.0,78518.0,654.0
2022-01-22,70483.0,70075.0,408.0
2022-01-23,88558.0,88179.0,379.0
2022-01-24,109233.0,108519.0,714.0
2022-01-25,96955.0,96431.0,524.0
2022-01-26,93211.0,92691.0,520.0
2022-01-27,82725.0,82135.0,590.0
2022-01-28,71682.0,71247.0,435.0
2022-01-29,63024.0,62659.0,365.0
2022-01-30,74980.0,74506.0,474.0
2022-01-31,88502.0,87853.0,649.0
2022-02-01,78511.0,77842.0,669.0
2022-02-02,73908.0,73409.0,499.0
2022-02-03,64032.0,63540.0,492.0
2022-02-04,52556.0,52110.0,446.0
2022-02-05,43233.0,42964.0,269.0
2022-02-06,50148.0,49879.0,269.0
2022-02-07,62672.0,62282.0,390.0
2022-02-08,55437.0,55032.0,405.0
2022-02-09,51013.0,50628.0,385.0
2022-02-10,41331.0,41028.0,303.0
2022-02-11,34944.0,34687.0,257.0
2022-02-12,29142.0,28855.0,287.0
2022-02-13,32326.0,32123.0,203.0
2022-02-14,42490.0,42191.0,299.0
2022-02-15,40145.0,39872.0,273.0
2022-02-16,39445.0,39184.0,261.0
2022-02-17,34168.0,33900.0,268.0
2022-02-18,24923.0,24756.0,167.0
2022-02-19,26429.0,26234.0,195.0
2022-02-20,28411.0,28239.0,172.0
2022-02-21,33033.0,32804.0,229.0
2022-02-22,28019.0,27782.0,237.0
2022-02-23,26009.0,25784.0,225.0
2022-02-24,21882.0,21653.0,229.0
2022-02-25,19533.0,19316.0,217.0
2022-02-26,17604.0,17421.0,183.0
2022-02-27,22165.0,22019.0,146.0
2022-02-28,31865.0,31599.0,266.0
2022-03-01,31864.0,31546.0,318.0
2022-03-02,33361.0,33088.0,273.0
2022-03-03,31533.0,31263.0,270.0
2022-03-04,30605.0,30317.0,288.0
2022-03-05,28509.0,28261.0,248.0
2022-03-06,35914.0,35677.0,237.0
2022-03-07,50982.0,50613.0,369.0
2022-03-08,52342.0,51976.0,366.0
2022-03-09,55491.0,55089.0,402.0
2022-03-10,54298.0,53874.0,424.0
2022-03-11,52270.0,51838.0,432.0
2022-03-12,49161.0,48764.0,397.0
2022-03-13,60270.0,59899.0,371.0
2022-03-14,79517.0,79028.0,489.0
2022-03-15,74101.0,73622.0,479.0
2022-03-16,73952.0,73422.0,530.0
2022-03-17,67687.0,67170.0,517.0
2022-03-18,61904.0,61343.0,561.0
2022-03-19,55211.0,54698.0,513.0
2022-03-20,66907.0,66448.0,459.0
2022-03-21,89907.0,89321.0,586.0
2022-03-22,81845.0,81234.0,611.0
2022-03-23,77600.0,76955.0,645.0
2022-03-24,68604.0,68021.0,583.0
2022-03-25,60256.0,59718.0,538.0
2022-03-26,51776.0,51310.0,466.0
2022-03-27,58000.0,57575.0,425.0
2022-03-28,78909.0,78327.0,582.0
2022-03-29,67441.0,66936.0,505.0
2022-03-30,62750.0,62242.0,508.0
2022-03-31,45879.0,45422.0,457.0
