date,obs_cases_7d,vax observed,vax none,vax +20%,mobility observed,mobility baseline,mobility extra 20% cut
2020-09-01,1315.857142857143,8884.239609255594,8884.239609255594,8884.239609255594,8884.239609255594,15411.620091726558,7107.391687404475
2020-09-02,1532.2857142857142,8636.644031734906,8636.644031734906,8636.644031734906,8636.644031734906,15610.75445886907,6784.920495884752
2020-09-03,1726.571428571429,8281.140422966371,8281.140422966371,8281.140422966371,8281.140422966371,15811.717869694212,6386.713592002615
2020-09-04,1904.0,8156.5142421005,8156.5142421005,8156.5142421005,8156.5142421005,16014.505318338233,6173.085112607722
2020-09-05,2068.1428571428573,11760.53764300032,11760.53764300032,11760.53764300032,11760.53764300032,16219.111027964329,8692.167102129715
2020-09-06,2224.1428571428573,12065.339471195812,12065.339471195812,12065.339471195812,12065.339471195812,16425.52843174485,8665.652844311291
2020-09-07,2545.714285714286,7473.173342132783,7473.173342132783,7473.173342132783,7473.173342132783,16633.75015381,5242.039553094297
2020-09-08,2704.1428571428573,7213.812642129561,7213.812642129561,7213.812642129561,7213.812642129561,16843.767990180473,4967.362417947972
2020-09-09,2732.285714285714,7128.4768992794325,7128.4768992794325,7128.4768992794325,7128.4768992794325,17055.572889702544,4816.34102420496
2020-09-10,2793.285714285714,6767.847475294198,6767.847475294198,6767.847475294198,6767.847475294198,17269.154935005576,4485.417071625594
2020-09-11,2829.8571428571427,6617.512334648883,6617.512334648883,6617.512334648883,6617.512334648883,17484.50332350217,4301.760274070557
2020-09-12,2833.285714285714,9386.74337463226,9386.74337463226,9386.74337463226,9386.74337463226,17701.606348452242,5956.391179107151
2020-09-13,2782.285714285714,9649.172447171657,9649.172447171657,9649.172447171657,9649.172447171657,17920.45138011311,5948.9984672030005
2020-09-14,2698.1428571428573,6558.633064092102,6558.633064092102,6558.633064092102,6558.633064092102,18141.024846998418,3944.9864488446196
2020-09-15,2696.1428571428573,6323.046014956429,6323.046014956429,6323.046014956429,6323.046014956429,18363.312217269548,3726.7927388393746
2020-09-16,2822.5714285714284,6048.5915817245905,6048.5915817245905,6048.5915817245905,6048.5915817245905,18587.297980284002,3493.456921662212
2020-09-17,2942.0,5807.538305013917,5807.538305013917,5807.538305013917,5807.538305013917,18812.96562832604,3286.99783571507
2020-09-18,3141.5714285714284,5679.4776366933,5679.4776366933,5679.4776366933,5679.4776366933,19040.297638545544,3149.4861372972227
2020-09-19,3426.0,7638.162966524547,7638.162966524547,7638.162966524547,7638.162966524547,19269.275455132094,4133.251760174109
2020-09-20,3844.571428571429,7858.597031865962,7858.597031865962,7858.597031865962,7858.597031865962,19499.879471751752,4132.548872817275
2020-09-21,4099.714285714285,5311.738549632928,5311.738549632928,5311.738549632928,5311.738549632928,19732.08901427495,2725.6770172457013
2020-09-22,4434.428571428572,5162.166358458115,5162.166358458115,5162.166358458115,5162.166358458115,19965.882323824702,2595.993669815108
2020-09-23,4742.285714285715,5012.721678272677,5012.721678272677,5012.721678272677,5012.721678272677,20201.23654017485,2469.9838787411277
2020-09-24,5082.571428571428,4831.06330913078,4831.06330913078,4831.06330913078,4831.06330913078,20438.12768552902,2332.131900028994
2020-09-25,5341.857142857143,4742.7111534579235,4742.7111534579235,4742.7111534579235,4742.7111534579235,20676.530648711516,2242.452840515763
2020-09-26,5554.571428571428,6344.43231993736,6344.43231993736,6344.43231993736,6344.43231993736,20916.419169802004,2926.367729064633
2020-09-27,5759.142857142857,6486.3975366865225,6486.3975366865225,6486.3975366865225,6486.3975366865225,21157.765825246635,2906.953919757813
2020-09-28,6318.285714285715,4605.441306450169,4605.441306450169,4605.441306450169,4605.441306450169,21400.542013478665,2012.9782496040702
2020-09-29,6808.571428571428,4458.3015927774995,4458.3015927774995,4458.3015927774995,4458.3015927774995,21644.717941082323,1907.9992707375507
2020-09-30,7484.285714285715,4245.6461494478535,4245.6461494478535,4245.6461494478535,4245.6461494478535,21890.262609534264,1779.282615999608
2020-10-01,8210.42857142857,4245.436949136272,4245.436949136272,4245.436949136272,4245.436949136272,22137.14380255722,1741.8186727384652
2020-10-02,9012.42857142857,4091.453857501107,4091.453857501107,4091.453857501107,4091.453857501107,22385.328074121193,1642.8151540410252
2020-10-03,9600.42857142857,5138.657557709133,5138.657557709133,5138.657557709133,5138.657557709133,22634.780737127705,2013.1909866997914
2020-10-04,10155.0,5281.478114164867,5281.478114164867,5281.478114164867,5281.478114164867,22885.465852813224,2012.1174194094256
2020-10-05,10951.714285714286,3832.042064801841,3832.042064801841,3832.042064801841,3832.042064801841,23137.346220907853,1424.3790708239721
2020-10-06,11755.42857142857,3705.67997476174,3705.67997476174,3705.67997476174,3705.67997476174,23390.38337058608,1348.7310701854983
2020-10-07,12434.714285714286,3656.8468678666104,3656.8468678666104,3656.8468678666104,3656.8468678666104,23644.537552246125,1302.9380621768398
2020-10-08,13007.285714285714,3496.7125514424933,3496.7125514424933,3496.7125514424933,3496.7125514424933,23899.767730154934,1219.5020923123768
2020-10-09,13213.0,3456.9481228567056,3456.9481228567056,3456.9481228567056,3456.9481228567056,24156.03157599571,1179.9336252467615
2020-10-10,13281.714285714286,4504.945833370339,4504.945833370339,4504.945833370339,4504.945833370339,24413.28546335499,1499.1851948783813
2020-10-11,13255.285714285714,4611.134217139319,4611.134217139319,4611.134217139319,4611.134217139319,24671.48446318618,1490.5745291868468
2020-10-12,13569.857142857143,3245.6903872262283,3245.6903872262283,3245.6903872262283,3245.6903872262283,24930.582340286393,1023.1310548493635
2020-10-13,13741.57142857143,3154.786666262787,3154.786666262787,3154.786666262787,3154.786666262787,25190.531550823067,973.6922711503152
2020-10-14,13917.0,3109.835552640332,3109.835552640332,3109.835552640332,3109.835552640332,25451.283240946825,939.512740118917
2020-10-15,13913.57142857143,2995.2199955988567,2995.2199955988567,2995.2199955988567,2995.2199955988567,25712.787246526394,885.5871415123687
2020-10-16,14142.42857142857,2950.6451101362727,2950.6451101362727,2950.6451101362727,2950.6451101362727,25974.992094041172,853.6611788574412
2020-10-17,14454.714285714286,3766.0719598645564,3766.0719598645564,3766.0719598645564,3766.0719598645564,26237.845002666298,1062.477344805793
2020-10-18,14769.142857142857,3793.4132902921806,3793.4132902921806,3793.4132902921806,3793.4132902921806,26501.291887584706,1040.16466128279
2020-10-19,15619.0,2702.8574340554746,2702.8574340554746,2702.8574340554746,2702.8574340554746,26765.277364559686,723.1050944883414
2020-10-20,16473.0,2613.4277105387723,2613.4277105387723,2613.4277105387723,2613.4277105387723,27029.74475580084,684.7781172939422
2020-10-21,17203.85714285714,2519.2559427621813,2519.2559427621813,2519.2559427621813,2519.2559427621813,27294.636097155333,646.4973400115491
2020-10-22,17837.85714285714,2443.741320643178,2443.741320643178,2443.741320643178,2443.741320643178,27559.892146655362,614.1446033463238
2020-10-23,18351.85714285714,2336.6845829903773,2336.6845829903773,2336.6845829903773,2336.6845829903773,27825.452394451764,575.0953380170496
2020-10-24,18527.0,3051.2338526836825,3051.2338526836825,3051.2338526836825,3051.2338526836825,28091.255074162265,732.9287304204951
2020-10-25,18722.85714285714,3152.2825112469263,3152.2825112469263,3152.2825112469263,3152.2825112469263,28357.237175661878,736.1801139891649
2020-10-26,18817.714285714286,1881.619106553285,1881.619106553285,1881.619106553285,1881.619106553285,28623.334459341302,429.4169317629513
2020-10-27,18692.571428571428,1775.329695643071,1775.329695643071,1775.329695643071,1775.329695643071,28889.48147185782,398.10421259748637
2020-10-28,18519.0,1725.7890969795221,1725.7890969795221,1725.7890969795221,1725.7890969795221,29155.611563401573,380.2036512651854
2020-10-29,18574.85714285714,1609.0020902666877,1609.0020902666877,1609.0020902666877,1609.0020902666877,29421.656906498327,348.2316056289775
2020-10-30,18794.85714285714,1577.3896756322538,1577.3896756322538,1577.3896756322538,1577.3896756322538,29687.548516368137,335.3268998287201
2020-10-31,18916.571428571428,2336.770338846003,2336.770338846003,2336.770338846003,2336.770338846003,29953.216272857266,485.4730795140878
2020-11-01,18953.42857142857,2422.0664196446282,2422.0664196446282,2422.0664196446282,2422.0664196446282,30218.588943958996,489.2266175144118
2020-11-02,19719.285714285717,1761.8426239305227,1761.8426239305227,1761.8426239305227,1761.8426239305227,30483.594210936368,347.1101978002892
2020-11-03,19994.714285714286,1734.5490151354757,1734.5490151354757,1734.5490151354757,1734.5490151354757,30748.15869505822,334.4733918775238
2020-11-04,20067.0,1722.2094064624932,1722.2094064624932,1722.2094064624932,1722.2094064624932,31012.20798595732,324.9014699608993
2020-11-05,20202.571428571428,1442.6020765637518,1442.6020765637518,1442.6020765637518,1442.6020765637518,31275.66667161688,266.5736177937754
2020-11-06,20385.42857142857,1372.8744709847363,1372.8744709847363,1372.8744709847363,1372.8744709847363,31538.458369989494,248.84781023936037
2020-11-07,20717.285714285717,1507.056620881328,1507.056620881328,1507.056620881328,1507.056620881328,31800.505762249923,267.60632463360537
2020-11-08,21383.14285714286,1449.2307195197511,1449.2307195197511,1449.2307195197511,1449.2307195197511,32061.730627680332,251.78309456939044
2020-11-09,21406.85714285714,1211.1213410389946,1211.1213410389946,1211.1213410389946,1211.1213410389946,32322.05388018392,206.1792338310936
2020-11-10,21713.42857142857,1155.0014839619837,1155.0014839619837,1155.0014839619837,1155.0014839619837,32581.39560642027,192.9359700408931
2020-11-11,22286.571428571428,1111.1125353200716,1111.1125353200716,1111.1125353200716,1111.1125353200716,32839.67510555244,182.11184803236526
2020-11-12,22445.714285714286,1055.498702704263,1055.498702704263,1055.498702704263,1055.498702704263,33096.81093059323,169.73660842933194
2020-11-13,22564.14285714286,1014.3374586773521,1014.3374586773521,1014.3374586773521,1014.3374586773521,33352.72093133497,160.0399682050803
2020-11-14,22478.714285714286,1098.6241677118917,1098.6241677118917,1098.6241677118917,1098.6241677118917,33607.32229884373,169.84967919895337
2020-11-15,21928.714285714286,1073.492386677937,1073.492386677937,1073.492386677937,1073.492386677937,33860.53161149643,162.412963559592
2020-11-16,21296.714285714286,897.8345886549481,897.8345886549481,897.8345886549481,897.8345886549481,34112.26488253546,133.10330935833795
2020-11-17,20702.571428571428,857.5694161070593,857.5694161070593,857.5694161070593,857.5694161070593,34362.43760911259,124.74617276269177
2020-11-18,19771.14285714286,824.7116416918179,824.7116416918179,824.7116416918179,824.7116416918179,34610.964822790585,117.70574577613615
2020-11-19,18839.285714285717,783.2121162025923,783.2121162025923,783.2121162025923,783.2121162025923,34857.761141467934,109.67413320208146
2020-11-20,17832.428571428572,750.5291631562368,750.5291631562368,750.5291631562368,750.5291631562368,35102.740822688276,103.1157903028806
2020-11-21,17049.0,844.2814098945281,844.2814098945281,844.2814098945281,844.2814098945281,35345.81781829353,113.62102382714906
2020-11-22,16448.14285714286,828.7721291529582,828.7721291529582,828.7721291529582,828.7721291529582,35586.90583037577,109.06497568098843
2020-11-23,15353.285714285714,678.1141406455391,678.1141406455391,678.1141406455391,678.1141406455391,35825.91836848025,87.40060919506901
2020-11-24,14437.42857142857,649.9264018120664,649.9264018120664,649.9264018120664,649.9264018120664,36062.76880800826,82.17578762072733
2020-11-25,13810.285714285714,631.4453425170528,631.4453425170528,631.4453425170528,631.4453425170528,36297.37044976551,78.30887191115534
2020-11-26,13333.42857142857,601.8226789182893,601.8226789182893,601.8226789182893,601.8226789182893,36529.636580598584,73.19638007549152
2020-11-27,12976.142857142857,574.4808154354953,574.4808154354953,574.4808154354953,574.4808154354953,36759.480535058654,68.5274113980784
2020-11-28,12767.714285714286,655.3993153457213,655.3993153457213,655.3993153457213,655.3993153457213,36986.81575802895,76.54157258315868
2020-11-29,12603.714285714286,642.8251253481212,642.8251253481212,642.8251253481212,642.8251253481212,37211.555868249045,73.36725692315905
2020-11-30,12426.0,529.222028897727,529.222028897727,529.222028897727,529.222028897727,37433.61472266649,59.12469410987235
2020-12-01,12349.57142857143,519.2852651326322,519.2852651326322,519.2852651326322,519.2852651326322,37652.90648154315,56.86987921928793
2020-12-02,12279.142857142857,534.182961604059,534.182961604059,534.182961604059,534.182961604059,37869.34567424111,57.29595088078453
2020-12-03,12322.42857142857,506.7194207559793,506.7194207559793,506.7194207559793,506.7194207559793,38082.847265610355,53.204797942754226
2020-12-04,12409.0,490.2785119500792,490.2785119500792,490.2785119500792,490.2785119500792,38293.326722897524,50.40084860110019
2020-12-05,12545.42857142857,617.622195890803,617.622195890803,617.622195890803,617.622195890803,38500.70008309347,61.972024984743896
2020-12-06,12826.57142857143,605.8074833134332,605.8074833134332,605.8074833134332,605.8074833134332,38704.884020633996,59.16739548048018
2020-12-07,13174.285714285714,457.8446455329348,457.847772144042,457.8446454807172,457.8446455329348,38905.795915354975,43.66575706431594
2020-12-08,13632.285714285714,453.0713737477273,453.1189084568003,453.0671901703245,453.0713737477273,39101.38807086002,42.31139557996732
2020-12-09,14215.42857142857,439.32074192913706,439.4268920322147,439.3040235538185,439.32074192913706,39289.54115205469,40.160963668875794
2020-12-10,15085.142857142857,419.4947386786433,419.68534949070204,419.46050978014324,419.4947386786433,39470.78532642479,37.54169053535492
2020-12-11,16101.142857142857,408.76946836282923,409.065752769152,408.7089830437568,408.76946836282923,39646.09531419125,35.81312714858853
2020-12-12,16953.428571428572,511.2857055537736,511.8201443999263,511.18608501191,511.2857055537736,39816.78273617447,43.72048056293723
2020-12-13,18006.714285714286,491.36982295214546,491.97506126260214,491.24074889908763,491.36982295214546,39984.81712786231,40.90451558317486
2020-12-14,19772.0,375.64524961327953,376.203127359358,375.5285951381046,375.64524961327953,40147.51061843688,30.544013473290413
2020-12-15,21588.42857142857,364.90796490332434,365.72837091056266,364.74307440759344,364.90796490332434,40286.54626988144,29.062495991982185
2020-12-16,23432.14285714286,350.4930285850205,351.79604850764093,350.2315965659259,350.4930285850205,40387.892576309736,27.34025429063039
2020-12-17,25047.714285714286,334.24830520476985,336.13058537334535,333.8712820038272,334.24830520476985,40463.46203295817,25.540102475744476
2020-12-18,26797.571428571428,304.1545387973834,306.45681370060265,303.6996285196752,304.1545387973834,40531.0813917792,22.780199531261733
2020-12-19,27644.285714285717,404.2831620913479,408.23958413763575,403.5339058470771,404.2831620913479,40587.75111187132,29.590734959933673
2020-12-20,29236.714285714286,402.5053560064179,407.3811165213627,401.5482657349254,402.5053560064179,40630.30227295799,28.684557324741743
2020-12-21,31154.85714285714,230.9310791157322,234.2270081496097,230.2905552745921,230.9310791157322,40668.00658435481,16.111999725424948
2020-12-22,32881.857142857145,211.20645759552562,214.66774362952157,210.53495059015685,211.20645759552562,40691.12216689748,14.50719789503755
2020-12-23,33986.57142857143,185.49975173081225,188.95705043742586,184.82421538160028,185.49975173081225,40695.71989493584,12.552126022236033
2020-12-24,33862.0,128.25581587292754,130.86403183756516,127.74388726865568,128.25581587292754,40708.53608426645,8.568975446035452
2020-12-25,31076.285714285717,49.53384618173168,50.57618274475726,49.329264682352694,49.53384618173168,40741.70915739458,3.2831075038394104
2020-12-26,33257.28571428572,138.6362536936203,141.64784228631916,138.0541099811725,138.6362536936203,40778.88146214757,9.10612152871344
2020-12-27,35213.57142857143,200.92341388750785,205.5681602401766,200.03463266288333,200.92341388750785,40809.3675297531,12.961298804044663
2020-12-28,34842.0,61.71174126570128,63.21180064622075,61.42243158377978,61.71174126570128,40831.80204073333,3.9235911360927833
2020-12-29,39458.71428571428,79.75572377948835,81.780929799106,79.36885238758181,79.75572377948835,40833.067575359666,5.027030287759074
2020-12-30,43153.0,76.58868802705992,78.69767567853373,76.18605005841174,76.58868802705992,40790.20515684677,4.776969253454453
2020-12-31,45801.142857142855,62.807659673418286,64.69652484415461,62.445547783461244,62.807659673418286,40718.42349915619,3.8776265838670434
2021-01-01,48080.142857142855,29.490684146284092,30.424901412739068,29.312910485213074,29.490684146284092,40662.47435348202,1.8074230435013003
2021-01-02,50646.71428571428,101.99029897916685,105.39644592130044,101.34594698770312,101.99029897916685,40618.67263936043,6.1761785864257215
2021-01-03,51705.857142857145,112.27659427468426,116.30886221391343,111.5151222284315,112.27659427468426,40570.07903320147,6.662352627472672
2021-01-04,56002.28571428572,81.68362064424478,84.80234431718087,81.09274150418537,81.68362064424478,40515.01670077547,4.755168745493757
2021-01-05,53936.857142857145,73.83922528145645,76.85048293569214,73.26932950275892,73.83922528145645,40436.11097924739,4.229495608421373
2021-01-06,52295.28571428572,69.04004007587596,72.07041833077814,68.466623606082,69.04004007587596,40323.72883823951,3.892485469210231
2021-01-07,52339.28571428572,63.93298096399884,67.02364433197218,63.34724798243944,63.93298096399884,40146.11304436502,3.548427277996965
2021-01-08,54427.142857142855,60.15275211943181,63.42239377833002,59.531148329906465,60.15275211943181,39890.65779026018,3.2869800033141083
2021-01-09,51711.57142857143,73.52178061287954,78.04426859856984,72.66651026590145,73.52178061287954,39605.70896742801,3.9465116822907933
2021-01-10,49295.142857142855,71.99749067411955,76.89413377504032,71.07205581290472,71.99749067411955,39346.1805019973,3.7871130830851754
2021-01-11,46809.28571428572,51.7875784528153,55.58294665551164,51.07004472029217,51.7875784528153,39104.7746342291,2.6754096109582832
2021-01-12,44861.857142857145,47.429537633102136,51.18898531328468,46.72189686683957,47.429537633102136,38825.13416227666,2.4129631924762536
2021-01-13,43369.142857142855,44.224491354781435,48.05483488295556,43.5037616668105,44.224491354781435,38477.33712401845,2.216072800593505
2021-01-14,42158.57142857143,39.56728241225929,43.336780477900085,38.85797307760271,39.56728241225929,38065.701167937455,1.9535662417715014
2021-01-15,41356.42857142857,37.67584565574568,41.637452157280364,36.931801512034085,37.67584565574568,37599.212059095,1.8332849471832202
2021-01-16,40212.71428571428,45.67867011884194,51.00510712644236,44.68405802915163,45.67867011884194,37103.84371969462,2.1856295465451847
2021-01-17,39245.142857142855,45.85485009385715,51.70556793273114,44.765964659576724,45.85485009385715,36646.44681005093,2.151960729869702
2021-01-18,37590.28571428572,32.136186039841,36.5265022142861,31.319348811408773,32.136186039841,36219.64495720914,1.4821849687807076
2021-01-19,36317.0,29.318082275204304,33.62734074442575,28.520476667527273,29.318082275204304,35728.37790252702,1.3326948241324923
2021-01-20,34942.142857142855,27.400313741363995,31.767896356395923,26.595269150136843,27.400313741363995,35158.4768481247,1.2277298645498713
2021-01-21,33510.0,25.49660559894128,29.911494673829473,24.68639140313418,25.49660559894128,34542.949813402025,1.1261128086195427
2021-01-22,32061.714285714286,24.345750455546465,28.95535033470607,23.503062465742975,24.345750455546465,33851.8588604649,1.059744752825133
2021-01-23,30920.571428571428,29.47694164842952,35.64920935275686,28.355698217236025,29.47694164842952,33096.18890194499,1.2616992617502742
2021-01-24,29335.85714285714,27.221814093347085,33.44166398808272,26.1002150801421,27.221814093347085,32405.7105695441,1.1437469204937143
2021-01-25,27341.14285714286,19.233108638665975,23.91472335620175,18.39302990630827,19.233108638665975,31792.193299869523,0.7952337448825058
2021-01-26,25649.0,18.144064520951538,22.831458943886393,17.308955580206288,18.144064520951538,31160.17824302484,0.739903693523886
2021-01-27,24394.714285714286,17.32680884637109,22.08196260602556,16.48501453911872,17.32680884637109,30505.829109958875,0.696665926357811
2021-01-28,23379.0,15.849926445180111,20.48724701588504,15.034645698178585,15.849926445180111,29808.924789705525,0.6283220761199599
2021-01-29,22325.0,15.063250311008977,19.804031524624666,14.236273817830632,15.063250311008977,29025.386155300544,0.5887414765934683
2021-01-30,21624.85714285714,17.940593199386285,24.080367118188594,16.88103464155899,17.940593199386285,28186.185247927766,0.6899437676998963
2021-01-31,21375.571428571428,17.604536868093952,24.133852055802432,16.49034044002205,17.604536868093952,27391.612911423643,0.6646882301332181
2021-02-01,20346.0,12.29850951225492,17.16506901323939,11.476153406479762,12.29850951225492,26651.68234677522,0.4568741567147597
2021-02-02,19343.571428571428,11.055272457462035,15.692408810345901,10.279312123538029,11.055272457462035,25906.295422159114,0.4051389308175378
2021-02-03,18493.42857142857,10.564167261768025,15.272095246068957,9.784278654511185,10.564167261768025,25130.997233353966,0.38192366456890053
2021-02-04,17664.0,9.689577624572212,14.288811565349159,8.935487681918937,9.689577624572212,24327.481686043815,0.34554286049127936
2021-02-05,16820.85714285714,9.135120253590339,13.756959668259954,8.386228038468056,9.135120253590339,23512.575781588042,0.3213633427867778
2021-02-06,16167.57142857143,11.0524151507152,17.065294894243106,10.0919005253756,11.0524151507152,22675.063816611626,0.38273452622214504
2021-02-07,15641.714285714286,10.259900930394766,16.253749656469186,9.317032815678179,10.259900930394766,21883.29357214895,0.34911724666636584
2021-02-08,14728.142857142857,6.984763203315997,11.298188531944804,6.314499073113845,6.984763203315997,21160.31766040966,0.23412760952916625
2021-02-09,13942.857142857143,6.489228627616224,10.708712890633592,5.841482015995979,6.489228627616224,20427.41176039625,0.21477931055878302
2021-02-10,13132.0,6.159993084201649,10.38795178542436,5.51913670996528,6.159993084201649,19679.679924875236,0.2012800004346586
2021-02-11,12406.285714285714,5.690458377210675,9.822814079751584,5.072385331169734,5.690458377210675,18920.640267387138,0.18353676600809485
2021-02-12,11909.857142857143,5.317939548503538,9.4136179128579,4.7138712777920535,5.317939548503538,18148.080504652622,0.1693006886424309
2021-02-13,11491.857142857143,6.406636351435544,11.679252777049038,5.642235399309844,6.406636351435544,17373.989371263724,0.20092553561034354
2021-02-14,11109.57142857143,6.073727194081342,11.408703251100448,5.314143117828736,6.073727194081342,16662.75473811974,0.1872807595520427
2021-02-15,10907.142857142857,3.9119579299549283,7.527493481192675,3.4052907882283874,3.9119579299549283,16016.292711552014,0.11891698832226598
2021-02-16,10703.142857142857,3.583645623760483,7.0537256625988025,3.104182859259413,3.583645623760483,15360.83869433837,0.10767243004796039
2021-02-17,10438.42857142857,3.3111417217077297,6.686060514019202,2.8518174020786753,3.3111417217077297,14677.550756026874,0.0983338086715529
2021-02-18,10247.857142857143,2.9985723751716886,6.221861242841226,2.566736498171715,2.9985723751716886,13991.768943241905,0.08802632948909067
2021-02-19,9999.285714285714,2.7824239146675316,5.929442176858424,2.3674156612599875,2.7824239146675316,13339.504855285999,0.08074366338390544
2021-02-20,9875.857142857143,3.6956974155015234,8.123157656905692,3.1233318393217098,3.6956974155015234,12719.033864755324,0.10574663883508191
2021-02-21,9769.0,3.5913796886358322,8.161464740338216,3.0134913488921122,3.5913796886358322,12150.392600873794,0.1010444315768311
2021-02-22,9387.0,2.441354783100056,5.70647611860863,2.036616702657682,2.441354783100056,11627.35159078287,0.06769118212899584
2021-02-23,8996.714285714286,2.2434213122279076,5.386737045232795,1.8606864501843907,2.2434213122279076,11095.864593052744,0.0614388765625888
2021-02-24,8597.0,2.08699411140093,5.16595769998708,1.7191852242795123,2.08699411140093,10543.161947382545,0.056453020868744236
2021-02-25,8115.714285714285,1.8993144419613508,4.859539246799309,1.5527743801667506,1.8993144419613508,9984.617685878091,0.05074798201569068
2021-02-26,7635.285714285715,1.7787425246459208,4.711851030086872,1.442677431751744,1.7787425246459208,9436.415267078168,0.0469481006719906
2021-02-27,7220.0,2.2062013412554755,6.079977845638187,1.7734019781206898,2.2062013412554755,8913.680363127603,0.05739314013518541
2021-02-28,6802.714285714285,2.1215172880701525,6.091702990747214,1.690024443554659,2.1215172880701525,8445.662036570588,0.05427509582669773
2021-03-01,6222.142857142857,1.4095651484843368,4.18690242345887,1.1148750863449104,1.4095651484843368,8024.079863616304,0.035548593419986646
2021-03-02,5852.714285714285,1.2905347746753888,3.949019178928682,1.0142902149367483,1.2905347746753888,7618.465108077098,0.03216109823310382
2021-03-03,5521.857142857143,1.1909783607409563,3.758815077973831,0.9297546764744535,1.1909783607409563,7220.895958797932,0.029329010248438325
2021-03-04,5247.142857142857,1.0864763800418156,3.544930090011555,0.8418808580773315,1.0864763800418156,6824.420399749051,0.02644051313425085
2021-03-05,5082.142857142857,1.021865627943723,3.456800366102953,0.7852480580783727,1.021865627943723,6428.5354817294465,0.024573476169444625
2021-03-06,5021.857142857143,1.2454013662108476,4.397916745364466,0.9476926480529607,1.2454013662108476,6042.340426018623,0.02953535441338731
2021-03-07,4959.714285714285,1.2024809774532692,4.4439842381261165,0.9060024564873871,1.2024809774532692,5694.233750738864,0.028067203092865072
2021-03-08,4903.0,0.8330998814944702,3.1992595313848216,0.6225629909993128,0.8330998814944702,5381.209339398915,0.019173458196740795
2021-03-09,4837.0,0.7752510281329306,3.0824276441301715,0.5749810021160666,0.7752510281329306,5080.124564381989,0.01762719627083134
2021-03-10,4825.142857142857,0.7140988404856975,2.9423215976025388,0.5255119043882577,0.7140988404856975,4790.66365232736,0.01604090634524497
2021-03-11,4801.857142857143,0.661710216855792,2.825497691163665,0.4832097113690667,0.661710216855792,4517.886937965689,0.01468479109843562
2021-03-12,4807.428571428572,0.6258212837235418,2.7758160828376206,0.45314909868793657,0.6258212837235418,4251.154786859141,0.013717852592016667
2021-03-13,4773.142857142857,0.7145300304433867,3.324599726415304,0.5117154664041359,0.7145300304433867,3975.5040752491486,0.015446833989744996
2021-03-14,4777.428571428572,0.7488710996886587,3.677900862806898,0.5297947268811201,0.7488710996886587,3718.1702232214852,0.01592937807477157
2021-03-15,4752.428571428572,0.48921460018895785,2.5202915281298273,0.34240193606128505,0.48921460018895785,3482.8769071796496,0.01025688842099967
2021-03-16,4673.142857142857,0.44385880333791966,2.389298877749919,0.30747353068037364,0.44385880333791966,3251.532303626277,0.009196151531018609
2021-03-17,4648.285714285715,0.41371298867112605,2.3313755414327995,0.2835058714175004,0.41371298867112605,3028.549232489719,0.008471475172940073
2021-03-18,4625.571428571428,0.37356364564142286,2.208809026123511,0.25304415989716933,0.37356364564142286,2813.224810999835,0.007560261247082818
2021-03-19,4563.571428571428,0.34602162745217274,2.1540881594286034,0.23141084655014554,0.34602162745217274,2602.561003316586,0.006921740465635689
2021-03-20,4552.428571428572,0.3923018726408151,2.596646892894491,0.2583222159073292,0.3923018726408151,2393.3236371602766,0.0077464838830593
2021-03-21,4691.285714285715,0.37326288513778966,2.6356769595779155,0.24193708445869158,0.37326288513778966,2205.866996488589,0.007264840765617964
2021-03-22,4656.571428571428,0.2629473089973085,1.9597435674664396,0.16831745880125595,0.2629473089973085,2046.249332340973,0.0050523194840813275
2021-03-23,4604.142857142857,0.23796103467475474,1.8608798234884756,0.15062582652150316,0.23796103467475474,1897.6716610721912,0.004522186870583727
2021-03-24,4643.142857142857,0.22011520555752906,1.8075137731038262,0.13774787745002876,0.22011520555752906,1758.2822940909227,0.004137443059690925
2021-03-25,4641.0,0.19895998683963842,1.7174879443417512,0.12305238500904497,0.19895998683963842,1627.0991737637385,0.0036991340523284005
2021-03-26,4565.285714285715,0.18245486893464039,1.6580748578285522,0.11146209518835748,0.18245486893464039,1502.9173587783516,0.0033555531237550672
2021-03-27,4511.285714285715,0.20798006898642088,2.0063038159261573,0.12523049758733049,0.20798006898642088,1383.3499831209099,0.0037789657774240305
2021-03-28,4482.428571428572,0.19112547205859726,1.9659164715093116,0.11336045406348055,0.19112547205859726,1274.4630791987515,0.0034267660397732935
2021-03-29,4199.857142857143,0.1321997170223317,1.4356364749605663,0.0774566354113925,0.1321997170223317,1178.6571115885934,0.0023429284264829234
2021-03-30,3995.428571428572,0.12021246662268657,1.3686963245307031,0.06967798140541014,0.12021246662268657,1090.31762302293,0.002109329738370908
2021-03-31,3712.428571428572,0.1096611901098276,1.3097968276089331,0.06287215394909977,0.1096611901098276,1007.9663697261407,0.0019051645992072162
2021-04-01,3482.8571428571427,0.09775588815788494,1.2239384821874733,0.055456490822005544,0.09775588815788494,932.2683571240987,0.0016817441949884154
2021-04-02,3260.714285714286,0.0461198353515426,0.5980829233022725,0.025961209278202137,0.0461198353515426,863.8434853142298,0.0007875727815673998
2021-04-03,3115.714285714286,0.09762301259618104,1.3168272575365427,0.05448611980193028,0.09762301259618104,800.9703638587716,0.001652846540940644
2021-04-04,2767.8571428571427,0.09473589023091455,1.350216743826471,0.052284201605254745,0.09473589023091455,743.1536476256628,0.0015847432765512862
2021-04-05,2609.5714285714284,0.027798752153595646,0.4111185385145349,0.015227807610384109,0.027798752153595646,690.2307144532261,0.0004612188984546998
2021-04-06,2555.428571428572,0.05210337152944306,0.7929578166399475,0.028369590204818027,0.05210337152944306,640.7236644701276,0.000859037860114909
2021-04-07,2471.428571428572,0.04829721003380558,0.7648125167493504,0.026080207303126553,0.04829721003380558,594.2417289428214,0.0007895122940871323
2021-04-08,2412.0,0.04431521220705004,0.7307617248924242,0.02372655349677319,0.04431521220705004,551.0233691272932,0.0007181046103870618
2021-04-09,2445.428571428572,0.04128567063759192,0.7096726474231573,0.021913915347653835,0.04128567063759192,510.8154834357539,0.0006631357345491072
2021-04-10,2429.428571428572,0.0539713138577895,0.976332422601885,0.02833558963365113,0.0539713138577895,473.24352731706483,0.0008573159188141127
2021-04-11,2426.285714285714,0.05221052876684499,1.0036352910470632,0.027065383738129136,0.05221052876684499,438.56978591144923,0.0008184314729036864
2021-04-12,2438.428571428572,0.03465754937291831,0.7025179903234106,0.01777577033104776,0.03465754937291831,406.80937411942807,0.0005371205412452009
2021-04-13,2339.0,0.03146984916268904,0.6670855317798079,0.015992409588977314,0.03146984916268904,377.31318205695493,0.00048298510812102446
2021-04-14,2241.285714285714,0.0287392605833948,0.6376638398336697,0.014465140787271574,0.0287392605833948,349.52290133565276,0.00043683363071396025
2021-04-15,2142.428571428572,0.026454276521371313,0.6152994605719946,0.013180248086130122,0.026454276521371313,323.3268366681268,0.0003982078367801388
2021-04-16,2068.285714285714,0.02440953281385304,0.5958766108804403,0.01203527774231096,0.02440953281385304,298.8635160603725,0.00036386966594631476
2021-04-17,1981.0,0.030644343817756336,0.7926017322130471,0.014919614809450588,0.030644343817756336,276.044097022924,0.0004514385741859743
2021-04-18,2018.2857142857144,0.029373817201708452,0.8120746583047441,0.014098680890867323,0.029373817201708452,255.05897125308678,0.0004268049158543759
2021-04-19,1999.571428571429,0.020945041093495327,0.6148630123908083,0.00992773194046177,0.020945041093495327,235.77794786731093,0.00030065570468432536
2021-04-20,2007.0,0.019268477484811825,0.5967581292448056,0.009028667447965662,0.019268477484811825,217.84354252679557,0.000273614676691898
2021-04-21,2039.857142857143,0.01763882401770623,0.5765898170214654,0.008169706638577577,0.01763882401770623,201.17689973791317,0.00024779176942708257
2021-04-22,2050.285714285714,0.016398365343564494,0.5663700223368762,0.007505136627739129,0.016398365343564494,185.65733164511445,0.00022788148804874005
2021-04-23,2012.857142857143,0.015194570440532943,0.5552023000031976,0.00686987618485426,0.015194570440532943,171.22821401538528,0.0002088633105733721
2021-04-24,1998.857142857143,0.017204548796569415,0.6699262005829868,0.007671184381999158,0.017204548796569415,157.79286833893792,0.00023358668194473767
2021-04-25,1944.0,0.016178369307388665,0.6752613110695648,0.0071069985884139476,0.016178369307388665,145.50661594620107,0.00021667162701068874
2021-04-26,1943.857142857143,0.011729117082732762,0.5208077746710641,0.005086621616262883,0.011729117082732762,134.3283428982101,0.0001551987366249059
2021-04-27,1900.571428571429,0.010659760411947734,0.5003048450339816,0.00456850103573792,0.010659760411947734,123.92495346793396,0.00013954191473432949
2021-04-28,1879.857142857143,0.009752424885824446,0.4841313783222992,0.00412915502112961,0.009752424885824446,114.20157553822695,0.00012631231089659366
2021-04-29,1861.142857142857,0.00893365537002415,0.4694813006320759,0.0037355954014576887,0.00893365537002415,105.14759212572149,0.00011448340838973332
2021-04-30,1836.4285714285716,0.008272135427733567,0.46065071108548267,0.003415337355917203,0.008272135427733567,96.75243334474158,0.00010488416220814329
2021-05-01,1823.571428571429,0.009176669191680684,0.5451208505993028,0.0037352822050941777,0.009176669191680684,88.97447731405204,0.00011497262746432676
2021-05-02,1739.0,0.00861646450127701,0.5488542868360693,0.003453971300900624,0.00861646450127701,81.87338123190136,0.00010652915422748287
2021-05-03,1673.142857142857,0.0023971429621109878,0.1600429823620274,0.0009519503738873559,0.0023971429621109878,75.42815279983776,2.940149990685261e-05
2021-05-04,1729.0,0.005516852530605794,0.3831880114528656,0.0021706238305520763,0.005516852530605794,69.43557943172819,6.715436042845188e-05
2021-05-05,1736.142857142857,0.0051345013731366644,0.37792846174027056,0.001994911904443709,0.0051345013731366644,63.83270815621643,6.185991730930753e-05
2021-05-06,1745.571428571429,0.00467947758888998,0.36526728429173244,0.0017948266442938598,0.00467947758888998,58.65819055849587,5.579178111372966e-05
2021-05-07,1764.0,0.0044168090919382745,0.3660511828341082,0.0016719496367084475,0.0044168090919382745,53.883661104306015,5.210633211913531e-05
2021-05-08,1777.0,0.0046785018119341595,0.41436251850666705,0.0017451442553667693,0.0046785018119341595,49.438608667725866,5.4557433375576805e-05
2021-05-09,1874.142857142857,0.004638959354165515,0.44195092510711687,0.0017030053722110142,0.004638959354165515,45.37909657300751,5.340038326686005e-05
2021-05-10,1948.2857142857144,0.0033243775922789276,0.3384601402677221,0.0012034095820367212,0.0033243775922789276,41.703630036557854,3.782497922371429e-05
2021-05-11,1901.4285714285716,0.003054741165854564,0.33015939754572476,0.0010915017107964642,0.003054741165854564,38.29400592836695,3.439749422733679e-05
2021-05-12,1853.7142857142856,0.0027741105318105463,0.31883679569157075,0.0009776343077924808,0.0027741105318105463,35.08923544619234,3.09168945658149e-05
2021-05-13,1820.857142857143,0.0024749189824451925,0.30285536642965116,0.0008595868841576042,0.0024749189824451925,32.07989146944941,2.730433010894615e-05
2021-05-14,1804.142857142857,0.0023190519855306384,0.3026111926842039,0.0007933581927419834,0.0023190519855306384,29.287091411408095,2.5327220861167666e-05
2021-05-15,1804.857142857143,0.002536540558359452,0.35577685450827173,0.0008530832972571727,0.002536540558359452,26.699539466216965,2.739116351717003e-05
2021-05-16,1748.0,0.0024380186410155637,0.369847601466325,0.0008053856712668274,0.0024380186410155637,24.372222817633318,2.599796544697907e-05
2021-05-17,1750.2857142857142,0.0017770899964193517,0.2891817069730949,0.0005781798261317355,0.0017770899964193517,22.308375715102557,1.873706525907713e-05
2021-05-18,1803.0,0.0016165414472091015,0.2804714789781114,0.0005183964865384286,0.0016165414472091015,20.389419159336367,1.6872908365140326e-05
2021-05-19,1859.0,0.0014786012852996782,0.27450953367996844,0.00046649879305041183,0.0014786012852996782,18.55571279467267,1.527917101657079e-05
2021-05-20,1896.571428571429,0.001324084367585207,0.2635884115361489,0.0004105481005264229,0.001324084367585207,16.841129440914706,1.3547336682692711e-05
2021-05-21,1944.0,0.0012122593166255518,0.25868615909292714,0.00036952682870170807,0.0012122593166255518,15.291012530713308,1.2282173295701476e-05
2021-05-22,1986.857142857143,0.001387083590418625,0.3197834199520762,0.0004151120457919296,0.001387083590418625,13.892746928566268,1.3896974522594522e-05
2021-05-23,2034.142857142857,0.0012837491179305662,0.3218504591053952,0.00037691574878705994,0.0012837491179305662,12.643368094423678,1.2703041416894676e-05
2021-05-24,2092.5714285714284,0.0009074539728232332,0.24487588976972835,0.0002621681916543048,0.0009074539728232332,11.530221489188412,8.882840217883278e-06
2021-05-25,2172.0,0.0008310986863750999,0.23973505803893133,0.00023645872632943645,0.0008310986863750999,10.497169245821587,8.057880425840307e-06
2021-05-26,2303.1428571428573,0.0007578452835992012,0.2344273611418974,0.00021198550417107778,0.0007578452835992012,9.522766589763734,7.27781074319643e-06
2021-05-27,2456.714285714286,0.0006886205058448085,0.22903422213192653,0.00018913594812738547,0.0006886205058448085,8.615075825743029,6.550415523022355e-06
2021-05-28,2607.714285714286,0.0006177129106643327,0.22087317266841122,0.00016662157961644692,0.0006177129106643327,7.794103319442904,5.820956470389849e-06
2021-05-29,2730.0,0.0006940202455020212,0.2684904357209082,0.0001837147958546306,0.0006940202455020212,7.061606516110003,6.471510619535966e-06
2021-05-30,2827.1428571428573,0.0006625353432075496,0.27937052981590843,0.00017192374029092788,0.0006625353432075496,6.408324850658572,6.104263641518558e-06
2021-05-31,2887.1428571428573,0.00017546939991350507,0.07839710652260698,4.49666802049647e-05,0.00017546939991350507,5.827409552573075,1.605045664378783e-06
2021-06-01,3132.5714285714284,0.0003249446395319581,0.15118046868236443,8.24546095970758e-05,0.0003249446395319581,5.30159095836784,2.9553796568202265e-06
2021-06-02,3398.285714285714,0.00029785237819620583,0.14659083459190517,7.459677130206217e-05,0.00029785237819620583,4.814125025315931,2.689336573022899e-06
2021-06-03,3692.0,0.0002692412300068555,0.14057382285247602,6.645245828803051e-05,0.0002692412300068555,4.35949110483884,2.41308613571371e-06
2021-06-04,3971.571428571429,0.00024815322896999876,0.13769207183479007,6.0328725525598735e-05,0.00024815322896999876,3.943959192073408,2.207668354384525e-06
2021-06-05,4186.142857142857,0.0003418627141872966,0.2047945061219206,8.156019212913679e-05,0.0003418627141872966,3.564090974051383,3.012084381833228e-06
2021-06-06,4490.714285714285,0.0003263143442281296,0.21436980644503545,7.619860992575047e-05,0.0003263143442281296,3.2235019746847153,2.8414281744916047e-06
2021-06-07,5008.0,0.0002204257280024032,0.15704384504167565,5.0555589047065105e-05,0.0002204257280024032,2.9223088285981986,1.8998994150386534e-06
2021-06-08,5310.142857142857,0.00020280158991285032,0.15502566286780148,4.576628884223961e-05,0.00020280158991285032,2.648048568921462,1.7324785339036792e-06
2021-06-09,5578.714285714285,0.00018375447396232303,0.15109270107563233,4.0754122654866186e-05,0.00018375447396232303,2.3941810334265954,1.5558798215158718e-06
2021-06-10,5805.428571428572,0.00016607047248675197,0.14719023735618098,3.6152567233501843e-05,0.00016607047248675197,2.159343234479878,1.3937665123137223e-06
2021-06-11,6037.428571428572,0.00015182632592851167,0.14527810654502818,3.241985301234425e-05,0.00015182632592851167,1.944935267210562,1.2630488226240129e-06
2021-06-12,6245.714285714285,0.00017365368449415248,0.18147271153827493,3.625674473499116e-05,0.00017365368449415248,1.7478038574986419,1.430189634795845e-06
2021-06-13,6437.857142857143,0.0001631507166781761,0.18805300396453287,3.325571732757892e-05,0.0001631507166781761,1.5720136347460518,1.3285079679082438e-06
2021-06-14,6745.0,0.00010957929328967858,0.13752049095305982,2.1899301601826157e-05,0.00010957929328967858,1.4183881669115044,8.836372295129579e-07
2021-06-15,7105.428571428572,0.00010058829740441439,0.13601853507283254,1.9738204968885556e-05,0.00010058829740441439,1.2782336757777053,8.042918049364684e-07
2021-06-16,7461.428571428572,8.98543882735822e-05,0.13122713534692293,1.7290119307208748e-05,8.98543882735822e-05,1.149189401985659,7.124451961081578e-07
2021-06-17,7862.142857142857,7.999688842771497e-05,0.12636294190274025,1.507653867062628e-05,7.999688842771497e-05,1.0305569454612125,6.29081119227877e-07
2021-06-18,8185.285714285715,7.243331209896695e-05,0.12388907946134782,1.3360114758270314e-05,7.243331209896695e-05,0.92277876820382,5.649757698356174e-07
2021-06-19,8428.857142857143,8.313726464887186e-05,0.1557979273652903,1.4958439914035897e-05,8.313726464887186e-05,0.8244184466698437,6.424735997994546e-07
2021-06-20,8732.857142857143,7.913895810631769e-05,0.16431565120282035,1.3865866537369629e-05,7.913895810631769e-05,0.7372505610957262,6.050952565071442e-07
2021-06-21,9270.857142857143,5.201805386469593e-05,0.11806820150722058,8.918772637414824e-06,5.201805386469593e-05,0.6618406092391039,3.9411579998739837e-07
2021-06-22,9900.857142857143,4.747310912559074e-05,0.1164103691576307,7.978706947976654e-06,4.747310912559074e-05,0.5934955328629703,3.5686246794759353e-07
2021-06-23,10671.57142857143,4.262117458573111e-05,0.11318931193982804,7.012221726291879e-06,4.262117458573111e-05,0.5310129121889697,3.178975845768066e-07
2021-06-24,11466.0,3.7993676521694094e-05,0.10941933321983026,6.113022445108856e-06,3.7993676521694094e-05,0.474249281970598,2.812066636528417e-07
2021-06-25,12341.57142857143,3.4149365893432646e-05,0.10669506113814675,5.371540929248649e-06,3.4149365893432646e-05,0.4232426364295296,2.5083324943792134e-07
2021-06-26,13250.0,3.960003068852431e-05,0.135852322955256,6.071404234230586e-06,3.960003068852431e-05,0.37721569024945056,2.8833347965375184e-07
2021-06-27,14279.142857142857,3.674194056726911e-05,0.13985760356685534,5.4835801613641605e-06,3.674194056726911e-05,0.33664523720160233,2.6488292115942704e-07
2021-06-28,15822.57142857143,2.4296149155366954e-05,0.10119672825880033,3.5476388022921887e-06,2.4296149155366954e-05,0.30149636915169786,1.7368194196866548e-07
2021-06-29,17206.428571428572,2.163009503092766e-05,0.09727368578196202,3.0975131576286744e-06,2.163009503092766e-05,0.26997518313437313,1.5350425278193088e-07
2021-06-30,18511.42857142857,1.964743014658263e-05,0.0955072820029985,2.7579434850645346e-06,1.964743014658263e-05,0.24152773208329162,1.384330014980579e-07
2021-07-01,19823.285714285717,1.7712417022826135e-05,0.09318750116049082,2.4360065006081704e-06,1.7712417022826135e-05,0.21593937536037952,1.239011711553954e-07
2021-07-02,20878.42857142857,1.607876434576539e-05,0.09161197432910106,2.1666693108143766e-06,1.607876434576539e-05,0.19307644092964932,1.1166263344153507e-07
2021-07-03,21900.14285714286,1.847889546283925e-05,0.11530682926314866,2.433687632005765e-06,1.847889546283925e-05,0.17254436145025168,1.2726507408339738e-07
2021-07-04,22814.285714285717,1.7164007396055814e-05,0.11856985493992928,2.2062656095226905e-06,1.7164007396055814e-05,0.15436526954863547,1.171018432916479e-07
2021-07-05,23772.0,1.1477513009446906e-05,0.08666210267015324,1.4457522244157264e-06,1.1477513009446906e-05,0.13838616227346817,7.767381835293375e-08
2021-07-06,24968.714285714286,1.0269909835134272e-05,0.08369754320057174,1.2703768839434012e-06,1.0269909835134272e-05,0.12400556508178685,6.901438871562741e-08
2021-07-07,26444.85714285714,9.275800106861477e-06,0.08165750658721617,1.1263296420160234e-06,9.275800106861477e-06,0.11104480068456585,6.190060462148623e-08
2021-07-08,27253.714285714286,8.216429557158233e-06,0.0781667354410586,9.789848625704678e-07,8.216429557158233e-06,0.09936811419068396,5.445321628807258e-08
2021-07-09,28219.85714285714,7.513896607347419e-06,0.07730696925393474,8.782347265522911e-07,7.513896607347419e-06,0.08887997678397144,4.9454671396157216e-08
2021-07-10,28901.714285714286,8.731003231974297e-06,0.09830263218493207,9.985091552331519e-07,8.731003231974297e-06,0.07947484003625384,5.7004089395293346e-08
2021-07-11,29703.42857142857,8.42720329168772e-06,0.10518349813835141,9.414835246596779e-07,8.42720329168772e-06,0.07116764324624207,5.450844865408102e-08
2021-07-12,31169.42857142857,5.061867179376954e-06,0.06899908084705036,5.548114689314954e-07,5.061867179376954e-06,0.06382609808058817,3.2487467603829014e-08
2021-07-13,32829.42857142857,4.766956887038612e-06,0.06989488992127262,5.138153107075438e-07,4.766956887038612e-06,0.05720554308613457,3.039337556835204e-08
2021-07-14,35121.71428571428,4.296562962044505e-06,0.06793160035137091,4.551446878976546e-07,4.296562962044505e-06,0.051245628266519995,2.7212064253943012e-08
2021-07-15,39072.28571428572,3.8246779386997545e-06,0.0652272302290683,3.980961257102866e-07,3.8246779386997545e-06,0.045889133228343884,2.406280830029365e-08
2021-07-16,42227.71428571428,3.4574372145303665e-06,0.06362196743069841,3.535781815746056e-07,3.4574372145303665e-06,0.041085350116617174,2.160886211044615e-08
2021-07-17,43637.71428571428,4.0759157229651215e-06,0.0819046492293251,4.084178572682937e-07,4.0759157229651215e-06,0.03676774684476585,2.5277074427913685e-08
2021-07-18,44458.57142857143,3.8520439816332155e-06,0.08563452234076291,3.774272901802069e-07,3.8520439816332155e-06,0.032926918832913724,2.3675795873048053e-08
2021-07-19,44876.28571428572,2.3703220395325516e-06,0.057460424239980185,2.27974697136349e-07,2.3703220395325516e-06,0.02951875316240958,1.4459998262889747e-08
2021-07-20,43833.42857142857,2.107004714060105e-06,0.05480683964864123,1.994775456015403e-07,2.107004714060105e-06,0.026455035789358233,1.277363594837862e-08
2021-07-21,41170.0,1.8838122784642456e-06,0.05258670547584712,1.7553397712702695e-07,1.8838122784642456e-06,0.023700536986687077,1.1350585238845355e-08
2021-07-22,36902.57142857143,1.6521397299585629e-06,0.049473907689749165,1.5151556805669836e-07,1.6521397299585629e-06,0.021227342622699694,9.894438755243022e-09
2021-07-23,33109.42857142857,1.4783642412181608e-06,0.047467578996498554,1.334623693218719e-07,1.4783642412181608e-06,0.01901152710863158,8.801087852293416e-09
2021-07-24,30965.85714285714,1.909221359070623e-06,0.06671336935418065,1.6912112697085845e-07,1.909221359070623e-06,0.017023690484804396,1.1281961785347221e-08
2021-07-25,29036.285714285717,1.8198696806467203e-06,0.07039068479417995,1.5771546496515084e-07,1.8198696806467203e-06,0.015251278192533618,1.0658806991215118e-08
2021-07-26,26627.714285714286,1.0150679588285846e-06,0.04272506122782584,8.640927825189489e-08,1.0150679588285846e-06,0.013669443986391886,5.902768185438397e-09
2021-07-27,25210.571428571428,9.11145854345293e-07,0.04094028665544912,7.643872768778178e-08,9.11145854345293e-07,0.012246895867717286,5.2682629655122825e-09
2021-07-28,24531.85714285714,8.15824145337924e-07,0.03915575808502311,6.744115548437585e-08,8.15824145337924e-07,0.010969539010642394,4.690569369032884e-09
2021-07-29,24196.14285714286,7.293773393049639e-07,0.037408050827417064,5.940165772774677e-08,7.293773393049639e-07,0.009822959676635145,4.1699112150134275e-09
2021-07-30,23842.285714285717,6.498922513477856e-07,0.035623017126238776,5.2148458863155014e-08,6.498922513477856e-07,0.008796095860997494,3.694773816002748e-09
2021-07-31,23581.42857142857,8.836634096328585e-07,0.0526305143816742,6.961353073725596e-08,8.836634096328585e-07,0.007875535146895646,4.987707778963476e-09
2021-08-01,23446.714285714286,8.366812142647388e-07,0.05516728110210022,6.449333523958053e-08,8.366812142647388e-07,0.007053478073899057,4.6813703471801194e-09
2021-08-02,23452.285714285717,4.601512097794749e-07,0.0329974034238251,3.484848025899251e-08,4.601512097794749e-07,0.006319729580344448,2.5566662084837125e-09
2021-08-03,23600.14285714286,4.1362478388388413e-07,0.031631802393274344,3.0882104688592905e-08,4.1362478388388413e-07,0.005660604454508007,2.2854364932722175e-09
2021-08-04,23881.571428571428,3.7179159941853396e-07,0.030346238738500196,2.7361072987102702e-08,3.7179159941853396e-07,0.005068850769343103,2.043020291509215e-09
2021-08-05,24276.571428571428,3.2871952511019117e-07,0.028641349098544426,2.3842169851555382e-08,3.2871952511019117e-07,0.004538113725899482,1.796447711180244e-09
2021-08-06,24668.285714285717,2.970967344198315e-07,0.027641459128104198,2.123759131503719e-08,2.970967344198315e-07,0.0040627058149763536,1.6148005652316515e-09
2021-08-07,24883.571428571428,3.996528427723115e-07,0.040370967428357725,2.8052327978137792e-08,3.996528427723115e-07,0.003635883700368657,2.157006455178224e-09
2021-08-08,25089.714285714286,3.8061197920721623e-07,0.04252387141619089,2.6143947506199355e-08,3.8061197920721623e-07,0.0032546128362123234,2.036774820572651e-09
2021-08-09,25334.285714285717,2.1290349646283705e-07,0.025869964155929057,1.4367819636353291e-08,2.1290349646283705e-07,0.0029146520393150744,1.1314813109262625e-09
2021-08-10,25412.571428571428,1.921975476378781e-07,0.024928330471765278,1.2783805864720313e-08,1.921975476378781e-07,0.0026091556017495184,1.015800470304834e-09
2021-08-11,25446.85714285714,1.7169814899737398e-07,0.0237941704198119,1.1250989180448814e-08,1.7169814899737398e-07,0.0023343273080755765,9.024994877672758e-10
2021-08-12,25384.571428571428,1.5304498226791053e-07,0.022670050147766022,9.877171547449665e-09,1.5304498226791053e-07,0.0020876573683658484,8.000582095274569e-10
2021-08-13,25404.714285714286,1.3807488370302035e-07,0.02187189887640682,8.776670330695174e-09,1.3807488370302035e-07,0.0018670826820879755,7.178731813019323e-10
2021-08-14,25601.714285714286,1.8583411127074649e-07,0.03201851254588055,1.1590273075789933e-08,1.8583411127074649e-07,0.0016691751011065497,9.594153487570492e-10
2021-08-15,25762.14285714286,1.7600438368468998e-07,0.03360635996572594,1.0733188659724905e-08,1.7600438368468998e-07,0.0014924233395110737,9.009616241055833e-10
2021-08-16,26129.14285714286,9.752466255069592e-08,0.02027745944347744,5.839039547174138e-09,9.752466255069592e-08,0.001334975045534695,4.958258444080431e-10
2021-08-17,26627.0,8.708277305989434e-08,0.019334363433699157,5.136205577258479e-09,8.708277305989434e-08,0.0011936536165315492,4.4034382297947935e-10
2021-08-18,26954.285714285717,8.044665841408203e-08,0.01910521975337756,4.671442825957884e-09,8.044665841408203e-08,0.0010667264132689193,4.045780266147354e-10
2021-08-19,27153.0,7.098354151283927e-08,0.018058398543188726,4.055243545391116e-09,7.098354151283927e-08,0.0009525892817523265,3.5503413145460916e-10
2021-08-20,27233.42857142857,6.392473729407582e-08,0.017431620923256404,3.591135261439919e-09,6.392473729407582e-08,0.0008500898708311327,3.1799481787485815e-10
2021-08-21,27414.714285714286,8.385067919090445e-08,0.024913410510239726,4.613927543679535e-09,8.385067919090445e-08,0.0007580336362282719,4.1425892259692694e-10
2021-08-22,27576.0,8.123417425938857e-08,0.026794143879344406,4.364642007404545e-09,8.123417425938857e-08,0.000676381828813754,3.979785721231752e-10
2021-08-23,27500.571428571428,4.5325696177418635e-08,0.01632024255426846,2.3883989687037384e-09,4.5325696177418635e-08,0.000604098091864881,2.2055080402620154e-10
2021-08-24,27088.714285714286,4.0402176285533294e-08,0.015573477978736207,2.094410431302412e-09,4.0402176285533294e-08,0.0005391266664673077,1.9553083741822333e-10
2021-08-25,26585.14285714286,3.622951098593047e-08,0.014964006817106579,1.846539442665494e-09,3.622951098593047e-08,0.0004807694981041539,1.7440129096231002e-10
2021-08-26,26213.85714285714,3.1952736105572086e-08,0.014142542154282754,1.6012038027191151e-09,3.1952736105572086e-08,0.000428691884053266,1.52995836910454e-10
2021-08-27,26027.85714285714,2.8423864567940147e-08,0.013474177891189187,1.4012811265546006e-09,2.8423864567940147e-08,0.0003824360993118719,1.3538641969732943e-10
2021-08-28,25675.42857142857,3.8288647141430384e-08,0.019760395319634593,1.8510397440591557e-09,3.8288647141430384e-08,0.0003412506817809471,1.8114821980898652e-10
2021-08-29,25210.14285714286,3.652098963272621e-08,0.020912836904187528,1.72583895154737e-09,3.652098963272621e-08,0.00030469928897526436,1.713617176942177e-10
2021-08-30,24444.42857142857,9.514170023432539e-09,0.005839107779516526,4.430895510703381e-10,9.514170023432539e-09,0.0002723076870283657,4.4415907456608367e-11
2021-08-31,25209.14285714286,1.830924868267606e-08,0.01181519727039393,8.425327847460299e-10,1.830924868267606e-08,0.0002432017494660679,8.5120059804545e-11
2021-09-01,25737.571428571428,1.721080624600326e-08,0.011923811121680885,7.791186087869464e-10,1.721080624600326e-08,0.00021701016485278275,7.958175012056926e-11
2021-09-02,26331.0,1.5766065031745473e-08,0.011760436834991573,7.016785139876202e-10,1.5766065031745473e-08,0.00019362614417076286,7.24885385214265e-11
2021-09-03,26970.571428571428,1.4489883501207643e-08,0.011661086497212432,6.338602494335941e-10,1.4489883501207643e-08,0.0001727790113920793,6.623598090824218e-11
2021-09-04,27437.85714285714,1.793989610171363e-08,0.015816741785021744,7.688646754817462e-10,1.793989610171363e-08,0.0001541570129468048,8.142485018866616e-11
2021-09-05,28052.85714285714,1.7106897536294582e-08,0.016801372507287183,7.162881665775278e-10,1.7106897536294582e-08,0.00013761583651878992,7.699434351179004e-11
2021-09-06,29218.85714285714,1.0610526748154934e-08,0.011442405509246004,4.3563666955994266e-10,1.0610526748154934e-08,0.00012293017147149747,4.7417425219473275e-11
2021-09-07,28415.0,9.628955136294115e-09,0.01121597404358942,3.887733840539515e-10,9.628955136294115e-09,0.00010979040802702554,4.2772266745459195e-11
2021-09-08,27566.285714285717,8.711341200843005e-09,0.01097350301440098,3.458032365372767e-10,8.711341200843005e-09,9.80401637963923e-05,3.84634631871951e-11
2021-09-09,26681.14285714286,7.809657234520171e-09,0.010646362700679531,3.047214765612366e-10,7.809657234520171e-09,8.753264568933288e-05,3.4273758246444446e-11
2021-09-10,25581.285714285717,7.1263256357636865e-09,0.010524293994610367,2.732531117023209e-10,7.1263256357636865e-09,7.81416210600388e-05,3.10847617480569e-11
2021-09-11,24659.42857142857,8.375003058047252e-09,0.01357511585031939,3.146862920917432e-10,8.375003058047252e-09,6.974547091795279e-05,3.626892553297949e-11
2021-09-12,23862.571428571428,7.873235938302798e-09,0.014205234041159103,2.8919662881064366e-10,7.873235938302798e-09,6.227465611911978e-05,3.3815167885410975e-11
2021-09-13,22728.85714285714,5.058821326454672e-09,0.010023481847490835,1.8223348193582496e-10,5.058821326454672e-09,5.5624790985332186e-05,2.1574256408026803e-11
2021-09-14,21972.14285714286,4.464077901916091e-09,0.00956042045136818,1.5814268645490353e-10,4.464077901916091e-09,4.967129870117714e-05,1.8923820469625485e-11
2021-09-15,21508.571428571428,4.062522963630608e-09,0.009407913436255105,1.4150699045637934e-10,4.062522963630608e-09,4.434494813487762e-05,1.7119072522210493e-11
2021-09-16,21205.714285714286,3.5751975556938947e-09,0.00895451253093977,1.224370295169341e-10,3.5751975556938947e-09,3.958521677195614e-05,1.4976068028698974e-11
2021-09-17,21397.714285714286,3.2141902962596056e-09,0.008703830971302583,1.0824007361586319e-10,3.2141902962596056e-09,3.5337782904994466e-05,1.3384696804792307e-11
2021-09-18,21964.85714285714,3.793271395378227e-09,0.011244704078923376,1.2526900451123468e-10,3.793271395378227e-09,3.153979653664718e-05,1.5686692045078493e-11
2021-09-19,22952.0,3.5505786119120823e-09,0.011682853801888627,1.1470131189827417e-10,3.5505786119120823e-09,2.8156729104349835e-05,1.4566469106146012e-11
2021-09-20,23940.85714285714,2.3148388191792275e-09,0.008348595799066888,7.336523351537333e-11,2.3148388191792275e-09,2.514235135515519e-05,9.431871825387758e-12
2021-09-21,25070.285714285717,2.098483500043305e-09,0.0081818041966923,6.540012733869315e-11,2.098483500043305e-09,2.2443505938266398e-05,8.499509390532765e-12
2021-09-22,25981.0,1.9371078513256176e-09,0.00818127557317343,5.933656554994286e-11,1.9371078513256176e-09,2.0030064196388344e-05,7.798626155944214e-12
2021-09-23,26841.0,1.7240639460517095e-09,0.007898327211581261,5.187907042553864e-11,1.7240639460517095e-09,1.7869472987235988e-05,6.8987205057750986e-12
2021-09-24,27323.714285714286,1.5495101554364868e-09,0.007702296263867845,4.579267749169337e-11,1.5495101554364868e-09,1.5936750440527568e-05,6.1627713327277305e-12
2021-09-25,27675.571428571428,1.7765450722804356e-09,0.009688455252144474,5.1455018573703795e-11,1.7765450722804356e-09,1.4216480471449545e-05,7.016230170165449e-12
2021-09-26,27964.85714285714,1.6701410777989928e-09,0.010121020123718223,4.731928714734068e-11,1.6701410777989928e-09,1.2690722526118962e-05,6.5435319431342765e-12
2021-09-27,28318.285714285717,1.092260876675577e-09,0.00726745271246232,3.0340310372156086e-11,1.092260876675577e-09,1.1323844626949891e-05,4.250071349381262e-12
2021-09-28,28187.0,9.75800931932538e-10,0.007030529801434869,2.661815582493965e-11,9.75800931932538e-10,1.0092598827710693e-05,3.7744180991647105e-12
2021-09-29,28172.571428571428,8.75579393128364e-10,0.006835173897402152,2.3446348408668367e-11,8.75579393128364e-10,8.991139903131835e-06,3.3668607843887844e-12
2021-09-30,27953.714285714286,7.792504857602923e-10,0.006592898965627902,2.0480834406443744e-11,7.792504857602923e-10,8.008110625725543e-06,2.978884031265799e-12
2021-10-01,27722.285714285717,7.048426594041864e-10,0.006466398733711929,1.818101863052758e-11,7.048426594041864e-10,7.131922320329956e-06,2.6786668114171625e-12
2021-10-02,27505.714285714286,7.927427706433518e-10,0.007966063776831346,2.0039055466922902e-11,7.927427706433518e-10,6.35611876418863e-06,2.992423872391532e-12
2021-10-03,27552.0,7.602042742759664e-10,0.0084732301373012,1.88019782822409e-11,7.602042742759664e-10,5.670369361837276e-06,2.8475272761403805e-12
2021-10-04,27820.571428571428,5.040562173949176e-10,0.006169786172013981,1.2216397408513401e-11,5.040562173949176e-10,5.054495003932188e-06,1.8753624184491993e-12
2021-10-05,28197.85714285714,4.4742805411613487e-10,0.005935676087684221,1.0639287568652208e-11,4.4742805411613487e-10,4.498919698563383e-06,1.6549568385870646e-12
2021-10-06,28749.14285714286,4.089467083673826e-10,0.005886297463961619,9.536604156136696e-12,4.089467083673826e-10,4.002807625743753e-06,1.5037967064493132e-12
2021-10-07,29513.42857142857,3.660948884192158e-10,0.005724204349158418,8.370559406220683e-12,3.660948884192158e-10,3.561029549810356e-06,1.3382924188429598e-12
2021-10-08,30329.714285714286,3.291199756680514e-10,0.005593009928973392,7.377992931107792e-12,3.291199756680514e-10,3.167866544718582e-06,1.196064347866139e-12
2021-10-09,31087.85714285714,3.7707712960449537e-10,0.007040584986749813,8.27551440822698e-12,3.7707712960449537e-10,2.820590208817435e-06,1.3609883331677398e-12
2021-10-10,31710.85714285714,3.503645637002233e-10,0.007274367088400613,7.519091570360415e-12,3.503645637002233e-10,2.5146064985820566e-06,1.2548356278403824e-12
2021-10-11,32659.42857142857,2.357375837841957e-10,0.005383080069761951,4.954610910155552e-12,2.357375837841957e-10,2.239571270116092e-06,8.386456640987582e-13
2021-10-12,33891.28571428572,2.1167888722720219e-10,0.005252721886854346,4.3601733759097144e-12,2.1167888722720219e-10,1.99111240074479e-06,7.486235197570719e-13
2021-10-13,35034.142857142855,1.9026701408041705e-10,0.005135452838188884,3.839314017300546e-12,1.9026701408041705e-10,1.7694596749035444e-06,6.689570635487116e-13
2021-10-14,36049.0,1.7022938335408805e-10,0.005000507166890843,3.3644036799491167e-12,1.7022938335408805e-10,1.572204250940063e-06,5.949957670952013e-13
2021-10-15,37018.0,1.5245267648526015e-10,0.004876020934668399,2.9509757450055525e-12,1.5245267648526015e-10,1.396779409605499e-06,5.297519836176647e-13
2021-10-16,37655.0,1.7145188575813084e-10,0.006029080448474025,3.247516693159511e-12,1.7145188575813084e-10,1.2424841501644886e-06,5.917742596632128e-13
2021-10-17,38512.42857142857,1.5931948946443506e-10,0.006228027445632888,2.9512071768918783e-12,1.5931948946443506e-10,1.107058618411031e-06,5.45763253240118e-13
2021-10-18,39389.857142857145,1.0562534886416956e-10,0.004538689839895097,1.915935881878091e-12,1.0562534886416956e-10,9.851322684574338e-07,3.594824789051253e-13
2021-10-19,39923.857142857145,9.462467487250797e-11,0.004413512055751569,1.6819230198489491e-12,9.462467487250797e-11,8.750478215813728e-07,3.2021690565623513e-13
2021-10-20,40411.857142857145,8.474433391576179e-11,0.004293669941743435,1.475601196678776e-12,8.474433391576179e-11,7.769948948528177e-07,2.8516974616218795e-13
2021-10-21,40314.57142857143,7.590751544114764e-11,0.004180187098584513,1.2945025818959809e-12,7.590751544114764e-11,6.897909725511564e-07,2.5399305601504633e-13
2021-10-22,40011.0,6.666279389355901e-11,0.00398855265814959,1.1138537410127336e-12,6.666279389355901e-11,6.124818280236045e-07,2.218203050700246e-13
2021-10-23,39740.71428571428,7.697872038520381e-11,0.005055832138877404,1.2586121795052982e-12,7.697872038520381e-11,5.443342362580105e-07,2.544970808428164e-13
2021-10-24,38682.142857142855,7.118616391109868e-11,0.005195368304818958,1.1375717325710952e-12,7.118616391109868e-11,4.843503015193367e-07,2.3363070115986957e-13
2021-10-25,37353.71428571428,4.144114046770947e-11,0.003305147046206136,6.494628627679406e-13,4.144114046770947e-11,4.3089630701538505e-07,1.3520122826339265e-13
2021-10-26,36017.42857142857,3.727880048308214e-11,0.0031925939431820833,5.743703083817279e-13,3.727880048308214e-11,3.830005174384e-07,1.2102848739046509e-13
2021-10-27,34954.71428571428,3.3237406882633626e-11,0.003059816245886849,5.031403396015485e-13,3.3237406882633626e-11,3.402232201407612e-07,1.0738635957503096e-13
2021-10-28,34454.0,2.9434731216097555e-11,0.002913873461496686,4.376085537847425e-13,2.9434731216097555e-11,3.021015899422551e-07,9.464142737064499e-14
2021-10-29,34381.0,2.623689003940596e-11,0.0027932334524550964,3.8315268239366804e-13,2.623689003940596e-11,2.682663203682782e-07,8.395630026727935e-14
2021-10-30,34166.142857142855,3.3826177623009746e-11,0.003933540893668792,4.837963881663728e-13,3.3826177623009746e-11,2.3828095291008873e-07,1.0759284787947268e-13
2021-10-31,34090.857142857145,3.152681532381919e-11,0.004074377249568227,4.403814477725016e-13,3.152681532381919e-11,2.1175348553221954e-07,9.956762040982543e-14
2021-11-01,33763.0,2.1565421047443205e-11,0.0030662946089757876,2.946902778073634e-13,2.1565421047443205e-11,1.8807617223646673e-07,6.768175790459531e-14
2021-11-02,33199.0,1.9838732808120075e-11,0.003071223654928678,2.6540819758489746e-13,1.9838732808120075e-11,1.6684325389157796e-07,6.191213553593414e-14
2021-11-03,32180.714285714286,1.7711737488255975e-11,0.0029905431487036184,2.3185057857507743e-13,1.7711737488255975e-11,1.4795109185403964e-07,5.496204372317302e-14
2021-11-04,31081.14285714286,1.5771123415183194e-11,0.0029048351300767807,2.0198385517181651e-13,1.5771123415183194e-11,1.3117993502675035e-07,4.8664069175426324e-14
2021-11-05,29711.14285714286,1.4078804448130303e-11,0.002828957137387226,1.7644160942141655e-13,1.4078804448130303e-11,1.1631740259061754e-07,4.3198868374354444e-14
2021-11-06,28902.285714285717,1.55568099309514e-11,0.003443181174876526,1.9051233161807495e-13,1.55568099309514e-11,1.031927770140803e-07,4.743088091106456e-14
2021-11-07,28314.14285714286,1.4449259791849977e-11,0.0035619215999133373,1.727144727617421e-13,1.4449259791849977e-11,9.163661465645055e-08,4.37420280902815e-14
2021-11-08,28096.285714285717,1.0036699538609832e-11,0.00272813325380036,1.173305481273867e-13,1.0036699538609832e-11,8.135659693823066e-08,3.019341908822023e-14
2021-11-09,28575.0,9.05938438413699e-12,0.002685649346511041,1.0368336025709934e-13,9.05938438413699e-12,7.215665453554574e-08,2.7100080672798202e-14
2021-11-10,29431.285714285717,8.089227316882165e-12,0.002617332016859097,9.062532083824326e-14,8.089227316882165e-12,6.398985392305319e-08,2.4062259477675837e-14
2021-11-11,30334.285714285717,7.2309620022521915e-12,0.002554036622259454,7.930998402748647e-14,7.2309620022521915e-12,5.675224718714213e-08,2.138862545197056e-14
2021-11-12,31324.571428571428,6.4049465993451276e-12,0.002469438065037848,6.878248563842379e-14,6.4049465993451276e-12,5.0331883168598066e-08,1.8840044701428438e-14
2021-11-13,32007.0,7.0884316968120694e-12,0.0030122423580805162,7.439902967461907e-14,7.0884316968120694e-12,4.464553362300533e-08,2.0719578142471008e-14
2021-11-14,32600.14285714286,6.580318269746619e-12,0.003117401210770361,6.741129702601036e-14,6.580318269746619e-12,3.963205258329171e-08,1.909943631749707e-14
2021-11-15,33505.71428571428,4.544614398751039e-12,0.00237505782470649,4.554450916122969e-14,4.544614398751039e-12,3.518060106824665e-08,1.3109126739718877e-14
2021-11-16,34073.857142857145,4.1136968008152446e-12,0.0023444954428925766,4.0391962849603055e-14,4.1136968008152446e-12,3.12106413836048e-08,1.1800185593421194e-14
2021-11-17,34483.42857142857,3.686973718863988e-12,0.002293769133273145,3.5465935019159114e-14,3.686973718863988e-12,2.7687690223317633e-08,1.0517413045336915e-14
2021-11-18,34969.0,3.2897010514241427e-12,0.002234734701362125,3.1000664644609365e-14,3.2897010514241427e-12,2.4562119975660174e-08,9.331936350950738e-15
2021-11-19,35232.857142857145,2.918430640690232e-12,0.0021643389685866827,2.6949432706510083e-14,2.918430640690232e-12,2.1791830505728277e-08,8.233093624944959e-15
2021-11-20,35591.42857142857,3.2106377385765175e-12,0.002624445233021943,2.899649090229873e-14,3.2106377385765175e-12,1.9334770589246967e-08,9.001159269271879e-15
2021-11-21,35900.28571428572,2.964355045094242e-12,0.0027004845129175083,2.614433389189593e-14,2.964355045094242e-12,1.71638651740371e-08,8.253345229136006e-15
2021-11-22,35956.28571428572,2.062629068152714e-12,0.002072026168547392,1.7808537177264805e-14,2.062629068152714e-12,1.523910159016549e-08,5.707668922606698e-15
2021-11-23,36293.28571428572,1.86379409756391e-12,0.00204141070796379,1.5778779681487914e-14,1.86379409756391e-12,1.3523911808835302e-08,5.129121910742609e-15
2021-11-24,36525.28571428572,1.667733291069864e-12,0.001993404883733814,1.3841335850487123e-14,1.667733291069864e-12,1.200020633284371e-08,4.564372013828426e-15
2021-11-25,36531.57142857143,1.4834755026458203e-12,0.001935290671673965,1.2069224794891518e-14,1.4834755026458203e-12,1.0647322394894449e-08,4.03780513699766e-15
2021-11-26,36600.42857142857,1.293139007953715e-12,0.001839411176148509,1.031622913077489e-14,1.293139007953715e-12,9.447058007761377e-09,3.500783160207763e-15
2021-11-27,36399.142857142855,1.4145897127045915e-12,0.002212702395068047,1.1045694656235074e-14,1.4145897127045915e-12,8.381523140820111e-09,3.806617019129445e-15
2021-11-28,36698.57142857143,1.3433591849362347e-12,0.0023393991860741507,1.0244367194588348e-14,1.3433591849362347e-12,7.437408141045513e-09,3.59050908937273e-15
2021-11-29,37422.857142857145,9.13092624281252e-13,0.0017525992145336672,6.816384635678939e-15,9.13092624281252e-13,6.60044673036965e-09,2.425884483691197e-15
2021-11-30,38368.142857142855,8.418174065497033e-13,0.001760576828394407,6.1623126845507414e-15,8.418174065497033e-13,5.855302014422982e-09,2.2244732571367546e-15
2021-12-01,39422.71428571428,7.496212959039728e-13,0.0017109478329374603,5.378726070072813e-15,7.496212959039728e-13,5.193340973762393e-09,1.970121808224971e-15
2021-12-02,40265.857142857145,6.689606088637438e-13,0.0016663484249184145,4.705251040115246e-15,6.689606088637438e-13,4.606355136003575e-09,1.7486131867720548e-15
2021-12-03,41059.57142857143,5.938367149324307e-13,0.001614296308098367,4.094757809616264e-15,5.938367149324307e-13,4.085656039156187e-09,1.5439044374673967e-15
2021-12-04,41762.42857142857,6.594799797641446e-13,0.0019769017115587044,4.446935715441999e-15,6.594799797641446e-13,3.6226642167605603e-09,1.704135805031252e-15
2021-12-05,41931.0,6.112194491235812e-13,0.0020449628657658596,4.021943253596672e-15,6.112194491235812e-13,3.2126820968575127e-09,1.5686790819070782e-15
2021-12-06,42385.857142857145,4.176002470449069e-13,0.001541636607324492,2.689520857928836e-15,4.176002470449069e-13,2.8503788068263724e-09,1.0653408256102761e-15
2021-12-07,42459.28571428572,3.805366030120033e-13,0.0015314830446432907,2.4039145457200356e-15,3.805366030120033e-13,2.528626359124503e-09,9.6558034222295e-16
2021-12-08,42858.71428571428,3.4456165082456906e-13,0.0015144140534375317,2.1341414705777548e-15,3.4456165082456906e-13,2.242907726479173e-09,8.695619293475089e-16
2021-12-09,43683.28571428572,3.100061658434603e-13,0.001489884647061723,1.881743792167083e-15,3.100061658434603e-13,1.9890338515723145e-09,7.78072546023632e-16
2021-12-10,44511.28571428572,2.7486042217557377e-13,0.0014449258148066576,1.6347291027021937e-15,2.7486042217557377e-13,1.7635546863340226e-09,6.861038800933685e-16
2021-12-11,45734.28571428572,3.072955835685119e-13,0.0017863169025029424,1.7862854653544464e-15,3.072955835685119e-13,1.5632801919007994e-09,7.62318743946752e-16
2021-12-12,47352.857142857145,2.862281688329056e-13,0.001864134510423196,1.6219861705305905e-15,2.862281688329056e-13,1.3856742051852306e-09,7.05119834447949e-16
2021-12-13,50979.142857142855,1.88833188580165e-13,0.0013601632188025904,1.046255752044865e-15,1.88833188580165e-13,1.228434465728972e-09,4.623831988847549e-16
2021-12-14,57060.71428571428,1.6895960953530746e-13,0.0013263441400665685,9.176259725035128e-16,1.6895960953530746e-13,1.0887749286284744e-09,4.1154722350506516e-16
2021-12-15,64145.71428571428,1.5084105328426142e-13,0.0012913124814146776,8.026335079693287e-16,1.5084105328426142e-13,9.646181131855058e-10,3.6549746829252683e-16
2021-12-16,70572.42857142857,1.332826926728636e-13,0.0012444749162827593,6.945052324339912e-16,1.332826926728636e-13,8.542459336464257e-10,3.2127605658141623e-16
2021-12-17,76279.42857142857,1.1740516066393547e-13,0.0011951094877295598,5.989791147309152e-16,1.1740516066393547e-13,7.56264567841516e-10,2.815580239771013e-16
2021-12-18,81563.71428571429,1.3711162082534093e-13,0.0015411933034635593,6.827138831128284e-16,1.3711162082534093e-13,6.691995326774194e-10,3.268609497913593e-16
2021-12-19,86153.71428571429,1.3035116090332814e-13,0.0016446636565954373,6.312667497722736e-16,1.3035116090332814e-13,5.920139586312877e-10,3.085995045265457e-16
2021-12-20,92020.85714285714,7.013241425912451e-14,0.0009739309028796527,3.317492409168877e-16,7.013241425912451e-14,5.237521191414555e-10,1.6512173692245695e-16
2021-12-21,97575.42857142857,6.118278720250106e-14,0.00091335947744679,2.8389053702760225e-16,6.118278720250106e-14,4.6325108020642414e-10,1.4343437817377002e-16
2021-12-22,103073.71428571428,5.212219572525585e-14,0.0008351153935121266,2.372951235627759e-16,5.212219572525585e-14,4.096644994597975e-10,1.2169382199237842e-16
2021-12-23,109247.57142857143,4.1994225412896685e-14,0.0007190435937269951,1.8779989785838898e-16,4.1994225412896685e-14,3.62335193069242e-10,9.76715796847173e-17
2021-12-24,113904.0,2.8002751646484623e-14,0.0005066849447182821,1.2351370920479649e-16,2.8002751646484623e-14,3.209111267096851e-10,6.492186096275978e-17
2021-12-25,111187.14285714286,2.2036080840629885e-14,0.00041680945368514574,9.627245703787001e-17,2.2036080840629885e-14,2.846756106853177e-10,5.095604028717903e-17
2021-12-26,114104.42857142857,3.552144296954188e-14,0.0007124374219404313,1.5332490895522288e-16,3.552144296954188e-14,2.526414100860499e-10,8.183685583169746e-17
2021-12-27,119531.57142857143,1.1045732516938376e-14,0.00023338628790474727,4.713278380466306e-17,1.1045732516938376e-14,2.240044542685315e-10,2.5375121318657328e-17
2021-12-28,125386.85714285714,1.0534718667645327e-14,0.00022922775337493853,4.455768109079674e-17,1.0534718667645327e-14,1.9837017018261226e-10,2.4159365533663667e-17
2021-12-29,137656.7142857143,1.348125541723086e-14,0.0003046900703600191,5.636205875572376e-17,1.348125541723086e-14,1.755061584913782e-10,3.085009852786271e-17
2021-12-30,145628.7142857143,1.204087624355397e-14,0.0002848006412095879,4.965394783814985e-17,1.204087624355397e-14,1.5518800024977486e-10,2.748449497884828e-17
2021-12-31,150675.14285714287,1.0514064678309086e-14,0.0002601733400377074,4.2826709601999704e-17,1.0514064678309086e-14,1.3735560772529513e-10,2.393825573036472e-17
2022-01-01,156302.42857142858,1.2827215064605298e-14,0.0003344849038943508,5.164503188514004e-17,1.2827215064605298e-14,1.2176979982783122e-10,2.9115328922705154e-17
2022-01-02,163401.14285714287,1.909084265478316e-14,0.000539730818231153,7.553892632820536e-17,1.909084265478316e-14,1.07961547929566e-10,4.3119083076764105e-17
2022-01-03,168836.85714285713,5.252561308400549e-15,0.00015884947080017564,2.046849059681106e-17,5.252561308400549e-15,9.563253702584944e-11,1.1821028291726093e-17
2022-01-04,178020.7142857143,1.088079868076949e-14,0.0003472954605667715,4.180946781246921e-17,1.088079868076949e-14,8.465520894528071e-11,2.440653840121621e-17
2022-01-05,172273.14285714287,1.0284608787898334e-14,0.00035490511850755867,3.877618980320282e-17,1.0284608787898334e-14,7.491001123798824e-11,2.296714312050669e-17
2022-01-06,166267.57142857142,9.245201147384324e-15,0.00034595040301221565,3.41820523591288e-17,9.245201147384324e-15,6.628595233346397e-11,2.0550273339914007e-17
2022-01-07,159438.0,8.538114028419708e-15,0.000347165898227881,3.094919348969392e-17,8.538114028419708e-15,5.866001334354741e-11,1.8888471806897686e-17
2022-01-08,156854.85714285713,9.482284205810505e-15,0.00042408267271733816,3.3591906067762835e-17,9.482284205810505e-15,5.188330218656534e-11,2.0862367520179318e-17
2022-01-09,147493.7142857143,9.080605038059195e-15,0.0004529678052357308,3.1351704971775834e-17,9.080605038059195e-15,4.58868191277466e-11,1.9853305273935497e-17
2022-01-10,136454.57142857142,6.11955229756705e-15,0.00033697671807828667,2.0661008391092182e-17,6.11955229756705e-15,4.061630098550501e-11,1.3304840631504365e-17
2022-01-11,117326.85714285714,5.43607480243372e-15,0.00032591156787068783,1.7999331197294838e-17,5.43607480243372e-15,3.5957273083346105e-11,1.176090320583003e-17
2022-01-12,103927.14285714286,4.882509250124682e-15,0.0003188855562054991,1.585022684182521e-17,4.882509250124682e-15,3.182681297199778e-11,1.0511661543678988e-17
2022-01-13,94405.14285714286,4.352081730411084e-15,0.0003098510334241085,1.3848387637912112e-17,4.352081730411084e-15,2.816706685628879e-11,9.3237226248209e-18
2022-01-14,90132.85714285714,3.963282907285787e-15,0.0003079755825441459,1.2357385091951735e-17,3.963282907285787e-15,2.492552468413427e-11,8.448739078428884e-18
2022-01-15,88218.57142857143,4.367522314829522e-15,0.00037475673339643604,1.3302286888071246e-17,4.367522314829522e-15,2.2044733392792508e-11,9.257892537649668e-18
2022-01-16,88578.28571428571,4.071032799563316e-15,0.0003905484065610485,1.2084601763171424e-17,4.071032799563316e-15,1.9498778278040904e-11,8.574685068266113e-18
2022-01-17,88354.42857142857,2.7598091187607657e-15,0.0002926004528023438,8.01166816805329e-18,2.7598091187607657e-15,1.7258153290594036e-11,5.780423807860157e-18
2022-01-18,88687.14285714286,2.4480608126592024e-15,0.00028296295074027524,6.967401397511695e-18,2.4480608126592024e-15,1.527374464648164e-11,5.102238082823604e-18
2022-01-19,89735.0,2.1990995603954038e-15,0.0002772455724985159,6.135093018951815e-18,2.1990995603954038e-15,1.3515820258248866e-11,4.560891557842102e-18
2022-01-20,90137.71428571428,1.9646899346250777e-15,0.0002703484681818444,5.372198400692155e-18,1.9646899346250777e-15,1.196002443044733e-11,4.054649624932368e-18
2022-01-21,90708.85714285714,1.778789637094439e-15,0.00026744589820428254,4.7658971178430204e-18,1.778789637094439e-15,1.0582329973053653e-11,3.652792549443302e-18
2022-01-22,91089.14285714286,1.966064578303442e-15,0.00032670180505609556,5.147847349894008e-18,1.966064578303442e-15,9.361076586097789e-12,4.014499501904809e-18
2022-01-23,91511.85714285714,1.8139673495243672e-15,0.00033716369221152543,4.632924518968183e-18,1.8139673495243672e-15,8.283333678489669e-12,3.6805161822795e-18
2022-01-24,90720.0,1.2442535081829767e-15,0.00025572158181101515,3.1091416177632094e-18,1.2442535081829767e-15,7.332505207282743e-12,2.5104930887883173e-18
2022-01-25,89812.42857142857,1.105095041871374e-15,0.00024787416552454967,2.707817013789322e-18,1.105095041871374e-15,6.489706625312477e-12,2.21869021695861e-18
2022-01-26,89223.28571428571,9.892166236913434e-16,0.0002422432613271565,2.3763729193298616e-18,9.892166236913434e-16,5.742943304921162e-12,1.9762766605394608e-18
2022-01-27,88619.57142857143,8.845929268259348e-16,0.00023665349160960868,2.0827517814579366e-18,8.845929268259348e-16,5.08132087681292e-12,1.7585293119979455e-18
2022-01-28,87549.57142857143,8.016620073011288e-16,0.00023457969932634367,1.8492272690393882e-18,8.016620073011288e-16,4.495262569809085e-12,1.5857390799179335e-18
2022-01-29,86484.0,8.771702707523666e-16,0.0002838521738134383,1.9774887456728258e-18,8.771702707523666e-16,3.976129742528191e-12,1.72529814757812e-18
2022-01-30,84544.28571428571,8.174429552428883e-16,0.00029611547271530983,1.7975211121236882e-18,8.174429552428883e-16,3.5179293290354375e-12,1.5976676819508998e-18
2022-01-31,81582.71428571429,5.601561913376797e-16,0.00022463137230409279,1.2049044463085822e-18,5.601561913376797e-16,3.1135338730350722e-12,1.0886874804318665e-18
2022-02-01,78947.85714285714,5.030429579701963e-16,0.00022046631108268725,1.0609085250478689e-18,5.030429579701963e-16,2.7553448081761987e-12,9.728108019153887e-19
2022-02-02,76190.28571428571,4.513360325382788e-16,0.00021636195242303157,9.331402028984297e-19,4.513360325382788e-16,2.438289932722742e-12,8.684638497438227e-19
2022-02-03,73519.85714285714,4.029633401073682e-16,0.00021141397059742101,8.166543660970927e-19,4.029633401073682e-16,2.1576608947632428e-12,7.714993785949299e-19
2022-02-04,70787.57142857143,3.613517581686177e-16,0.00020759247867557592,7.178280553034957e-19,3.613517581686177e-16,1.9093615621159474e-12,6.883608835997119e-19
2022-02-05,67960.28571428571,3.921537431451436e-16,0.00024918782371493946,7.619827062129773e-19,3.921537431451436e-16,1.6895687055298253e-12,7.428228322632338e-19
2022-02-06,64412.857142857145,3.611303505665417e-16,0.0002566660692689771,6.8513569505124335e-19,3.611303505665417e-16,1.4954516231718658e-12,6.797886491853136e-19
2022-02-07,60722.857142857145,2.53822270005426e-16,0.00019967293657128976,4.713331769152013e-19,2.53822270005426e-16,1.3238355338263748e-12,4.751324105185859e-19
2022-02-08,57426.57142857143,2.2595672016155563e-16,0.00019441568913190722,4.1146252391185426e-19,2.2595672016155563e-16,1.1716108480299187e-12,4.208550442770052e-19
2022-02-09,54155.857142857145,2.0171974973557503e-16,0.00018988454926257395,3.601641342253814e-19,2.0171974973557503e-16,1.0367803554147479e-12,3.7384420220055026e-19
2022-02-10,50912.857142857145,1.7970673847378214e-16,0.00018511843742838015,3.1457932899226956e-19,1.7970673847378214e-16,9.174283160534905e-13,3.313892697733896e-19
2022-02-11,48396.857142857145,1.6165871481046755e-16,0.00018234253000770425,2.774192969166844e-19,1.6165871481046755e-16,8.117969239714119e-13,2.966209352991568e-19
2022-02-12,46383.857142857145,1.7532108337652451e-16,0.00021877235895133513,2.9425930130155908e-19,1.7532108337652451e-16,7.182157467874374e-13,3.198830860054443e-19
2022-02-13,43837.857142857145,1.6075100343610117e-16,0.00022434269283359666,2.634354592361356e-19,1.6075100343610117e-16,6.355991496784701e-13,2.9147956050931573e-19
2022-02-14,40954.71428571428,1.056951369515167e-16,0.00016275216320261497,1.69677189131036e-19,1.056951369515167e-16,5.626418157150729e-13,1.906250654095966e-19
2022-02-15,38770.142857142855,9.41394634016275e-17,0.0001576174195386295,1.4840564883388307e-19,9.41394634016275e-17,4.979451489384987e-13,1.6899302345246229e-19
2022-02-16,37117.57142857143,8.437048137756767e-17,0.00015368739653644938,1.3058588205153727e-19,8.437048137756767e-17,4.4064326254172243e-13,1.507532728482871e-19
2022-02-17,36094.28571428572,7.536668186471644e-17,0.00014945772244724274,1.1450984410494052e-19,7.536668186471644e-17,3.899217883233012e-13,1.3403495752661777e-19
2022-02-18,34662.71428571428,6.043627343797181e-17,0.00012997303518796034,9.023957267510891e-20,6.043627343797181e-17,3.450889566853595e-13,1.0700910626410448e-19
2022-02-19,34275.142857142855,7.626268987502593e-17,0.00017996816029114442,1.116230317013459e-19,7.626268987502593e-17,3.054084050121335e-13,1.3432931251343824e-19
2022-02-20,33715.857142857145,7.015641642896163e-17,0.0001848632623231176,1.003348993493657e-19,7.015641642896163e-17,2.703138924062164e-13,1.228225629614992e-19
2022-02-21,32364.85714285714,4.508249277829864e-17,0.00013079845348760386,6.319712140850381e-20,4.508249277829864e-17,2.3928365519884813e-13,7.851475632012547e-20
2022-02-22,30632.571428571428,4.10188845294168e-17,0.00012914862583517366,5.649884534998317e-20,4.10188845294168e-17,2.1177344444662248e-13,7.111315691674465e-20
2022-02-23,28713.14285714286,3.6680557745891516e-17,0.0001255042306746291,4.962614334323787e-20,3.6680557745891516e-17,1.8740799448427106e-13,6.330192186004307e-20
2022-02-24,26958.0,3.2463926096111446e-17,0.00012073073287022076,4.314017405109872e-20,3.2463926096111446e-17,1.6584369207956347e-13,5.576918928132036e-20
2022-02-25,26188.0,2.9217103348524496e-17,0.00011815275707823383,3.813493113034192e-20,2.9217103348524496e-17,1.4676358135657157e-13,4.9962600471357615e-20
2022-02-26,24927.285714285717,3.453679754932022e-17,0.00015404264087102307,4.4141891728718856e-20,3.453679754932022e-17,1.2986826936839474e-13,5.873876415051386e-20
2022-02-27,24035.0,3.240740516567418e-17,0.00016202697553957326,4.044342353162304e-20,3.240740516567418e-17,1.149381903477262e-13,5.477140344307282e-20
2022-02-28,23868.14285714286,2.2236052183662877e-17,0.00012327353955377836,2.716349493272364e-20,2.2236052183662877e-17,1.0173844459111503e-13,3.7371070284583825e-20
2022-03-01,24417.42857142857,1.9909133281477027e-17,0.00012078090292451466,2.3861897694730332e-20,1.9909133281477027e-17,9.004257559610362e-14,3.329381117543533e-20
2022-03-02,25467.714285714286,1.7815702040981733e-17,0.00011834020523052521,2.0948007255061642e-20,1.7815702040981733e-17,7.968921591988171e-14,2.964508278291051e-20
2022-03-03,26846.42857142857,1.586109127357906e-17,0.00011539144979610664,1.8294895154381498e-20,1.586109127357906e-17,7.052477635418337e-14,2.626133509039369e-20
2022-03-04,28428.14285714286,1.4293744989920774e-17,0.00011396599611001379,1.6170937199857295e-20,1.4293744989920774e-17,6.241169049612046e-14,2.3548250534052058e-20
2022-03-05,29986.0,1.547544860646154e-17,0.00013663038495963388,1.7133841584542947e-20,1.547544860646154e-17,5.52278478447607e-14,2.5351947869388614e-20
2022-03-06,31950.14285714286,1.4431177002869486e-17,0.000142779443350992,1.5604076715820747e-20,1.4431177002869486e-17,4.8879204759994245e-14,2.3493560511070897e-20
2022-03-07,34681.142857142855,1.0076001707520342e-17,0.00011056322309456193,1.0665843652061666e-20,1.0076001707520342e-17,4.3266216829422096e-14,1.6311839978994877e-20
2022-03-08,37606.57142857143,9.039293053804267e-18,0.00010866259527509862,9.387398257835475e-21,9.039293053804267e-18,3.8293280178961146e-14,1.456002448788388e-20
2022-03-09,40768.0,8.093415947328785e-18,0.00010665985483017615,8.244573281912366e-21,8.093415947328785e-18,3.388964075618661e-14,1.2971040148343536e-20
2022-03-10,44020.142857142855,7.217550772720066e-18,0.00010431414723512153,7.211206393656679e-21,7.217550772720066e-18,2.9991556007364816e-14,1.150906952357683e-20
2022-03-11,47115.142857142855,6.375353117954697e-18,0.00010102759334711824,6.247993432779912e-21,6.375353117954697e-18,2.6541632231190783e-14,1.0115339807236826e-20
2022-03-12,50065.42857142857,6.9107114062398835e-18,0.00012121375143480763,6.628902435368482e-21,6.9107114062398835e-18,2.3485621704716453e-14,1.0903600172420139e-20
2022-03-13,53544.857142857145,6.359726810220027e-18,0.00012487010030837065,5.958840853483244e-21,6.359726810220027e-18,2.078366799932566e-14,9.972463365263625e-21
2022-03-14,57621.28571428572,4.521874491534476e-18,9.838901950696254e-05,4.148311246477065e-21,4.521874491534476e-18,1.8395310006863085e-14,7.051376577596979e-21
2022-03-15,60729.71428571428,4.0502033637795945e-18,9.655971945861334e-05,3.6451929471790106e-21,4.0502033637795945e-18,1.6279657357687183e-14,6.2841941513270605e-21
2022-03-16,63367.0,3.5824332766536885e-18,9.358640578507004e-05,3.1630814986899577e-21,3.5824332766536885e-18,1.4406801899163047e-14,5.530766401053518e-21
2022-03-17,65279.71428571428,3.2059774831887816e-18,9.176903494273972e-05,2.777126385288996e-21,3.2059774831887816e-18,1.2749539370944395e-14,4.924937104044514e-21
2022-03-18,66656.0,2.8278331069463053e-18,8.86852999583244e-05,2.403211446224664e-21,2.8278331069463053e-18,1.1282424810165098e-14,4.322589126568393e-21
2022-03-19,67520.28571428571,3.04920797114148e-18,0.00010572570865536222,2.537097821660102e-21,3.04920797114148e-18,9.983030520144324e-15,4.635350136743277e-21
2022-03-20,68468.42857142857,2.808609552566772e-18,0.00010885422369694713,2.283573576387966e-21,2.808609552566772e-18,8.834395887207257e-15,4.243706332142939e-21
2022-03-21,69952.71428571429,2.0040113104858485e-18,8.598110119836282e-05,1.5957220872330912e-21,2.0040113104858485e-18,7.818741968153377e-15,3.0114606195229083e-21
2022-03-22,71059.0,1.80089184600873e-18,8.460934888052597e-05,1.407090692261578e-21,1.80089184600873e-18,6.919327217543368e-15,2.6927879949724874e-21
2022-03-23,71580.14285714286,1.6055486690122896e-18,8.264732871021474e-05,1.23081539540116e-21,1.6055486690122896e-18,6.123210197934079e-15,2.388796951069869e-21
2022-03-24,71711.14285714286,1.4262778519289752e-18,8.044506400600685e-05,1.0727047201811558e-21,1.4262778519289752e-18,5.418442735266985e-15,2.111549943008021e-21
2022-03-25,71475.71428571429,1.2600837055176718e-18,7.784396275211087e-05,9.298865724291067e-22,1.2600837055176718e-18,4.794765896166198e-15,1.8563451791894755e-21
2022-03-26,70985.0,1.3697827366029982e-18,9.357374720335047e-05,9.897349550817987e-22,1.3697827366029982e-18,4.242506221603803e-15,2.0068639839225084e-21
2022-03-27,69712.57142857143,1.2765709493740628e-18,9.760172821599143e-05,9.011708371528734e-22,1.2765709493740628e-18,3.75429209939184e-15,1.858846908833944e-21
2022-03-28,68141.42857142857,8.901023972934595e-19,7.538552973061111e-05,6.153847810978129e-22,8.901023972934595e-19,3.3227538364844717e-15,1.2890053560941968e-21
2022-03-29,66083.71428571429,8.004019773843083e-19,7.41898679699221e-05,5.431113391777756e-22,8.004019773843083e-19,2.9405435245255333e-15,1.1533911111342248e-21
2022-03-30,63962.28571428572,7.146512095946851e-19,7.254674581656404e-05,4.758645619099072e-22,7.146512095946851e-19,2.6021787713172536e-15,1.0247516240438922e-21
2022-03-31,60715.857142857145,6.371042303390372e-19,7.085026478223074e-05,4.1625238522012397e-22,6.371042303390372e-19,2.302638151507981e-15,9.090458754282362e-22
