model,split,rmse,mape,r2
SIR,nls_wave,16389.972724609706,67.97105611632566,-0.31871453942819805
SIR,train,20024.66170388943,426.42083583260006,-0.964400079855039
SIR,test,62072.43433469829,82.55757672988979,-2.0210129169521656
SEIR,nls_wave,17919.098647268012,66.70002922156573,-0.5762556398307761
SEIR,train,26390.60145258577,563.0087190011815,-2.411914531578532
SEIR,test,54825.66549736192,58.80087122454971,-1.3568006583029386
SEIRS,nls_wave,17944.931771166346,66.44763740508905,-0.5808037434843227
SEIRS,train,27279.756771913824,573.9893225284936,-2.6456968667739336
SEIRS,test,51720.190379766755,54.055239472165795,-1.09737098844428
