date,obs_sum,uncoupled,coupled
2020-09-01,1296.4285714285716,14232.065759670804,14307.513511362833
2020-09-02,1512.142857142857,14672.931518544603,14759.400963457058
2020-09-03,1705.5714285714284,14888.085247653455,14986.007711621449
2020-09-04,1884.5714285714284,15612.308512938405,15722.70970765878
2020-09-05,2048.9999999999995,24850.99145887159,24991.59579326809
2020-09-06,2204.714285714286,28122.35046423825,28296.46923285434
2020-09-07,2523.142857142857,18281.011519972933,18448.69486257717
2020-09-08,2680.857142857143,18653.688673151682,18839.932438050495
2020-09-09,2708.4285714285716,19609.186718163783,19813.989783665587
2020-09-10,2767.428571428571,19780.327962084895,19994.83760007873
2020-09-11,2793.1428571428573,20601.85281999856,20830.901486046343
2020-09-12,2795.0,32368.740893867936,32633.875819601835
2020-09-13,2742.4285714285716,36710.05574318393,36997.311551506835
2020-09-14,2653.4285714285716,26373.179351149323,26662.208932981746
2020-09-15,2646.1428571428573,27002.705160033784,27319.25131206208
2020-09-16,2768.714285714286,27605.803050751376,27931.75754179422
2020-09-17,2881.571428571429,28201.89182453936,28548.52597948847
2020-09-18,3085.714285714286,29554.64565581944,29890.896890094962
2020-09-19,3365.714285714286,44116.53470482699,44424.17500172756
2020-09-20,3782.8571428571427,50038.573784062064,50334.06897676767
2020-09-21,4037.1428571428573,35497.34676406086,35869.74641950128
2020-09-22,4369.285714285714,36649.302826246116,37077.563748075
2020-09-23,4671.714285714285,38092.97504210483,38525.03633113303
2020-09-24,5012.285714285714,38928.807604909685,39415.08814991065
2020-09-25,5264.857142857142,40918.3366495036,41389.77386324214
2020-09-26,5475.285714285715,60963.74405106663,61284.330326791685
2020-09-27,5673.714285714285,68259.72252070856,68599.46500957261
2020-09-28,6221.571428571429,50970.4311654059,51511.586163544576
2020-09-29,6709.0,52510.774545132,53094.7912523866
2020-09-30,7385.4285714285725,53476.494635066265,54059.13628977415
2020-10-01,8111.142857142857,57015.59149125736,57643.97913610512
2020-10-02,8915.428571428572,58620.36613295344,59248.54143996252
2020-10-03,9504.000000000002,82714.17681246552,82848.18192404362
2020-10-04,10063.857142857143,92490.44543447443,92540.87884457342
2020-10-05,10864.285714285714,70454.46395231687,70946.14954905256
2020-10-06,11665.142857142857,72125.93911074406,72762.01997312692
2020-10-07,12336.000000000004,76118.30864117337,76746.55497200001
2020-10-08,12904.142857142857,77331.80217455771,78018.27379233939
2020-10-09,13105.285714285714,81937.54636495681,82576.38711063337
2020-10-10,13172.285714285714,119352.28920027644,119149.49324756334
2020-10-11,13142.285714285716,134170.0635851453,133680.78742784043
2020-10-12,13451.42857142857,98166.04540377557,98662.62844986781
2020-10-13,13620.857142857143,101265.66374969669,101842.86219186592
2020-10-14,13789.285714285714,106417.16325465044,107012.64914180897
2020-10-15,13777.42857142857,108934.74487433225,109575.69499939655
2020-10-16,14001.571428571428,114545.34077384902,115119.15625650442
2020-10-17,14312.428571428572,162767.25908755715,162083.06269315837
2020-10-18,14622.285714285716,178794.1765909155,177752.59479823196
2020-10-19,15464.285714285714,130805.81163738822,131510.04167989467
2020-10-20,16312.285714285716,133409.92763777717,134311.8426159627
2020-10-21,17041.14285714286,135852.1549743217,136840.92925086338
2020-10-22,17674.428571428572,139529.02749390097,140570.07768624154
2020-10-23,18186.285714285714,141810.5341051811,142680.1988944288
2020-10-24,18361.142857142855,206426.48728626792,205422.01483068365
2020-10-25,18558.57142857143,229637.28493939544,228768.15532283796
2020-10-26,18658.285714285714,140230.76124055532,140993.3618676369
2020-10-27,18531.428571428572,137330.13671584032,138404.32121579096
2020-10-28,18365.57142857143,139975.44780164832,141029.94553802034
2020-10-29,18424.571428571428,136155.11455679484,137343.67570837124
2020-10-30,18651.14285714286,140208.7353003302,141224.70205324565
2020-10-31,18774.0,229794.85031134798,229005.66192188786
2020-11-01,18810.285714285714,256329.41373505697,255652.83433153157
2020-11-02,19576.85714285714,189063.37866900384,190673.18850015991
2020-11-03,19853.428571428572,195159.09031693675,197137.20478362404
2020-11-04,19925.142857142855,204049.79516938335,206302.8923260654
2020-11-05,20060.285714285714,177348.61048254234,179776.3000849732
2020-11-06,20239.714285714286,176839.3310102395,179215.20406138472
2020-11-07,20572.14285714286,211566.74362279382,212280.3077371721
2020-11-08,21243.0,212106.52490340563,213235.99890321103
2020-11-09,21271.714285714283,178052.3216601831,180890.8849928229
2020-11-10,21581.428571428572,176408.6489749025,179395.72318912882
2020-11-11,22157.285714285714,176729.30134008432,179792.25537876063
2020-11-12,22321.285714285717,173573.23547227177,177022.21343043126
2020-11-13,22441.857142857145,174213.86491865877,177565.62489332192
2020-11-14,22358.285714285714,202886.5197366491,205151.36797302827
2020-11-15,21806.714285714283,205482.06081736108,208362.46036866758
2020-11-16,21175.14285714286,173148.78481350106,177060.5065012562
2020-11-17,20580.142857142862,170860.85090214375,174976.89302957105
2020-11-18,19649.285714285717,170542.22817139397,174700.73083420232
2020-11-19,18720.571428571428,166845.31495559486,171216.90149034056
2020-11-20,17718.714285714286,166401.74671298935,170628.28197499845
2020-11-21,16936.285714285714,201060.44827118545,204723.30443192707
2020-11-22,16337.42857142857,203941.9395299448,208097.40891046537
2020-11-23,15247.000000000002,167469.55752764188,172230.68968185433
2020-11-24,14338.0,164838.6749005496,169829.4304603429
2020-11-25,13717.857142857141,165771.60559715366,170820.18921429812
2020-11-26,13241.428571428572,162472.2456035961,167643.7652207697
2020-11-27,12881.714285714284,160394.55370006687,165492.32412571166
2020-11-28,12675.0,196557.70984911994,201398.60603759397
2020-11-29,12509.0,198220.88741159107,203544.73000740763
2020-11-30,12329.0,163391.9270661471,168954.83873178982
2020-12-01,12250.285714285716,164925.65521792579,170675.50615384523
2020-12-02,12173.571428571431,176263.33054542955,182215.51397178977
2020-12-03,12215.142857142859,171681.58774844557,177691.96762103896
2020-12-04,12301.571428571428,172353.1893706611,178281.18520233408
2020-12-05,12435.000000000002,233413.6473241761,239985.7608635007
2020-12-06,12718.285714285714,239009.86966073912,245819.68847800017
2020-12-07,13063.857142857145,178352.11192394572,184786.50450009812
2020-12-08,13517.857142857143,180797.4313335992,187538.8691594791
2020-12-09,14099.142857142857,180523.2924952572,187159.4169142061
2020-12-10,14957.0,176719.01631352497,183265.18961345934
2020-12-11,15968.714285714286,177215.5717980739,183789.83280695693
2020-12-12,16816.285714285714,236669.3708553748,244478.66531054492
2020-12-13,17863.428571428572,236025.03868403763,243730.1022897221
2020-12-14,19611.285714285714,176933.41880522599,183676.7444737762
2020-12-15,21415.142857142855,175702.5324750331,182444.90985511531
2020-12-16,23239.999999999996,172274.76086989522,178748.67553720533
2020-12-17,24846.428571428576,167355.04904502345,173646.5593890538
2020-12-18,26568.142857142855,156227.73657425342,161936.2249923375
2020-12-19,27394.857142857145,219570.13168486345,227103.2085896274
2020-12-20,28972.571428571428,221592.6162587887,229302.97680634476
2020-12-21,30865.57142857143,126349.94486582684,130934.23085861081
2020-12-22,32573.714285714286,117101.79037958085,121278.76317842578
2020-12-23,33662.142857142855,105161.71883067394,108773.67743686923
2020-12-24,33536.142857142855,74077.69315295802,76593.51923339801
2020-12-25,30793.000000000004,28371.90389317276,29414.230647489796
2020-12-26,32979.71428571428,82714.92610200765,85599.9091466605
2020-12-27,34931.857142857145,121920.62992911383,126147.78294481702
2020-12-28,34577.0,37234.92680302689,38536.85077026667
2020-12-29,39181.571428571435,48746.099683629654,50398.24778970152
2020-12-30,42867.142857142855,47249.448813371346,48840.36178009849
2020-12-31,45504.857142857145,39388.1199790487,40717.90517547696
2021-01-01,47766.42857142857,18867.001622851338,19528.579847432648
2021-01-02,50323.28571428572,66949.83907323318,69082.48253421097
2021-01-03,51378.85714285715,74891.96141457612,77302.59273109227
2021-01-04,55649.71428571429,53862.176360125355,55521.328139689474
2021-01-05,53594.71428571428,49520.95672075929,50981.14955453234
2021-01-06,51954.71428571428,47264.48080549772,48581.96267755922
2021-01-07,51982.571428571435,44598.06227962926,45804.38088765794
2021-01-08,54044.28571428572,43041.729685847575,44141.3206333036
2021-01-09,51330.28571428571,54937.58963634615,56423.039213479424
2021-01-10,48922.71428571428,54981.41231324767,56417.73030829464
2021-01-11,46440.57142857143,39533.2590037746,40455.29270239593
2021-01-12,44489.571428571435,36891.781154310076,37712.76011381223
2021-01-13,43007.42857142857,35123.24179941544,35849.38366131972
2021-01-14,41812.28571428572,32337.271727318534,32907.879934214034
2021-01-15,41014.42857142857,31494.113188367104,32045.007092323405
2021-01-16,39874.857142857145,39769.7690988908,40574.821582916855
2021-01-17,38910.142857142855,40976.157363755,41785.35555474242
2021-01-18,37275.28571428571,28935.83854966448,29374.90385917407
2021-01-19,36011.28571428571,27005.737248990514,27370.547320125675
2021-01-20,34651.57142857143,25881.27740274855,26194.242735661042
2021-01-21,33232.28571428571,24754.392079307938,25005.04907607753
2021-01-22,31797.0,24323.328999548758,24570.143601333544
2021-01-23,30671.14285714286,30786.023169982316,31161.05081994308
2021-01-24,29097.285714285714,29299.387752855855,29657.39009898156
2021-01-25,27118.999999999996,21183.67118402565,21321.855119706386
2021-01-26,25450.857142857145,20448.538227256355,20531.271452336692
2021-01-27,24207.000000000004,20074.806098776568,20115.06198993289
2021-01-28,23203.0,18936.048130779673,18935.998030334165
2021-01-29,22158.0,18578.652343109075,18563.077088752736
2021-01-30,21459.285714285714,23086.6141198079,23152.365048233965
2021-01-31,21210.428571428576,23504.277828124512,23567.52927759809
2021-02-01,20189.714285714286,16952.652620342535,16858.216644422144
2021-02-02,19193.428571428572,15778.59878135617,15645.545089365198
2021-02-03,18351.42857142857,15554.864001411432,15407.03442411801
2021-02-04,17528.285714285714,14772.08509621848,14609.742734680982
2021-02-05,16690.142857142855,14459.935134291067,14281.975874160062
2021-02-06,16044.285714285714,18341.32527772104,18181.165245376367
2021-02-07,15523.714285714286,17772.140369853503,17577.432403613966
2021-02-08,14620.0,12559.063172833465,12341.299687008646
2021-02-09,13840.42857142857,12079.938539573488,11837.43214491985
2021-02-10,13033.57142857143,11904.78453115018,11643.70998552613
2021-02-11,12316.142857142859,11419.271935856774,11143.982831690933
2021-02-12,11828.285714285714,11114.584424235883,10834.014908692121
2021-02-13,11412.42857142857,14007.374640513777,13730.85609090376
2021-02-14,11032.0,13923.846514966122,13644.24700837372
2021-02-15,10829.571428571428,9368.29023348002,9087.243045370511
2021-02-16,10628.857142857143,8894.253191568283,8612.666895825438
2021-02-17,10365.857142857143,8554.759074959544,8272.256361994143
2021-02-18,10176.571428571428,8089.299084643296,7799.3693992360295
2021-02-19,9928.285714285714,7808.887220443055,7530.086313608962
2021-02-20,9806.714285714286,10833.955650614149,10511.544014144287
2021-02-21,9699.857142857143,11118.824828032653,10754.730751695886
2021-02-22,9322.428571428572,7963.320281474607,7620.200704854632
2021-02-23,8935.142857142859,7633.761904552721,7288.060638432361
2021-02-24,8539.0,7439.498265316474,7083.555929264547
2021-02-25,8060.0,7122.57242641715,6764.98278727572
2021-02-26,7583.857142857143,7017.274922323753,6655.600642436639
2021-02-27,7168.0,9158.854673737826,8747.139311745415
2021-02-28,6753.142857142857,9384.654115637915,8923.643830531599
2021-03-01,6173.857142857143,6626.402791271495,6237.152958713362
2021-03-02,5804.285714285715,6359.832923687049,5965.371936850232
2021-03-03,5478.999999999999,6153.237395899745,5757.544046704298
2021-03-04,5205.857142857143,5906.834566340278,5510.554491580687
2021-03-05,5042.571428571429,5843.793156746731,5448.595342234366
2021-03-06,4982.285714285715,7518.839472418526,7054.460001551061
2021-03-07,4920.0,7749.162738523206,7249.302751576958
2021-03-08,4864.0,5758.923964090318,5319.753362563621
2021-03-09,4800.857142857143,5647.598847910341,5204.192945170061
2021-03-10,4788.285714285715,5480.594461668636,5043.736462032815
2021-03-11,4764.857142857143,5372.806441815852,4921.209069813799
2021-03-12,4771.142857142857,5364.514379613554,4907.274121076202
2021-03-13,4739.142857142857,6485.062807807582,5974.505400806581
2021-03-14,4744.714285714285,7350.187820234064,6740.5672023282195
2021-03-15,4719.0,5206.470345144271,4722.416405677571
2021-03-16,4638.428571428572,5034.748239518386,4547.3833074800095
2021-03-17,4611.285714285714,4996.433541439619,4503.2006416796385
2021-03-18,4586.857142857143,4835.937476824981,4339.167148879076
2021-03-19,4523.428571428572,4792.996177470009,4295.357367973639
2021-03-20,4511.285714285714,5827.221850023958,5255.5055574858325
2021-03-21,4647.428571428572,6043.3916785688925,5439.311555221138
2021-03-22,4613.0,4661.5137525607915,4135.6906714863135
2021-03-23,4558.285714285715,4517.793191444312,3989.8743720491652
2021-03-24,4597.0,4460.522160901983,3934.050126515861
2021-03-25,4593.285714285714,4334.532683840764,3802.2765246011018
2021-03-26,4516.571428571428,4255.707712524894,3728.3724090971364
2021-03-27,4462.857142857143,5187.486263533025,4578.497938478427
2021-03-28,4436.571428571428,5187.982739801227,4562.825451358974
2021-03-29,4155.285714285714,3954.6474677356923,3432.441662384437
2021-03-30,3956.571428571429,3846.2310459088,3325.976863468837
2021-03-31,3675.857142857143,3747.8399832258615,3233.7262775719737
2021-04-01,3448.5714285714284,3587.2889185551085,3074.3510396157467
2021-04-02,3229.142857142857,1756.193283951709,1508.840995436392
2021-04-03,3084.2857142857138,3882.57312408107,3357.3165901249376
2021-04-04,2736.0,4061.692203113231,3500.348578166114
2021-04-05,2579.857142857143,1264.9037232416983,1085.2752644577345
2021-04-06,2522.7142857142862,2495.8065898096092,2117.0618083945583
2021-04-07,2438.5714285714284,2441.3191079168328,2069.3734302439116
2021-04-08,2379.0,2379.0039628700947,2005.7128117658294
2021-04-09,2410.857142857143,2340.7469493641847,1972.489940965294
2021-04-10,2393.285714285714,3241.9746285579645,2748.514822692576
2021-04-11,2388.714285714286,3402.715933837076,2881.943053284746
2021-04-12,2398.0,2473.486192403963,2060.7673518116667
2021-04-13,2299.1428571428573,2397.201754993266,1985.0426848835723
2021-04-14,2200.0,2330.6571059002026,1926.429637287622
2021-04-15,2104.5714285714284,2297.4738633242278,1890.0740346716539
2021-04-16,2029.5714285714284,2261.591615819022,1856.1370940296692
2021-04-17,1942.7142857142858,3022.151164746299,2503.5263994809225
2021-04-18,1980.1428571428569,3172.0531293044755,2612.571925232638
2021-04-19,1961.5714285714287,2511.11479572094,2039.9519203895286
2021-04-20,1970.8571428571431,2495.5624592966833,2016.1347608236883
2021-04-21,2005.2857142857142,2458.5854336595853,1980.3440927031907
2021-04-22,2016.4285714285713,2474.115426036331,1983.2816608823896
2021-04-23,1981.571428571429,2472.2993944177742,1974.3468509019517
2021-04-24,1969.2857142857142,3000.2619498985086,2413.925368608454
2021-04-25,1915.4285714285716,3101.6412249594578,2488.457151092338
2021-04-26,1916.857142857143,2502.941514652267,1974.8278150538933
2021-04-27,1874.5714285714287,2462.722828917952,1930.39745967319
2021-04-28,1855.2857142857142,2429.1727393792166,1901.9683108569316
2021-04-29,1830.2857142857142,2416.721151377428,1879.8631696423345
2021-04-30,1805.5714285714287,2412.013889579576,1872.1149311391641
2021-05-01,1792.2857142857147,2864.6945815854324,2241.8525994503766
2021-05-02,1708.571428571429,2956.050067724721,2302.8074885622996
2021-05-03,1644.4285714285716,888.0829580593945,685.421501649779
2021-05-04,1698.2857142857142,2186.2560124057813,1668.858778992335
2021-05-05,1704.4285714285716,2197.8115236529247,1674.3872305935142
2021-05-06,1720.1428571428569,2179.710791925587,1648.1356138627514
2021-05-07,1739.4285714285716,2227.118114040758,1679.763064556408
2021-05-08,1754.142857142857,2520.9023478195336,1923.5130073522917
2021-05-09,1852.142857142857,2753.9995921778172,2092.770983117667
2021-05-10,1925.2857142857142,2222.46952865093,1654.5812087607583
2021-05-11,1879.7142857142858,2218.9329115639525,1643.149985547853
2021-05-12,1834.1428571428573,2189.5892107373757,1613.013453132883
2021-05-13,1801.7142857142856,2143.5827256084367,1564.8607966104023
2021-05-14,1785.2857142857142,2178.6327162758143,1586.354539670146
2021-05-15,1786.0,2566.937657967681,1887.515485186459
2021-05-16,1728.857142857143,2728.507013952808,2008.3085827354148
2021-05-17,1731.8571428571427,2249.177347348214,1618.9734642215826
2021-05-18,1785.571428571429,2235.4293777804833,1599.6085724178674
2021-05-19,1841.1428571428573,2232.922362502994,1591.894425657358
2021-05-20,1878.7142857142858,2195.4154700183517,1557.2540550336516
2021-05-21,1927.0,2199.2512428553387,1555.5593869888648
2021-05-22,1969.1428571428573,2737.974180648661,1949.6000381460576
2021-05-23,2016.2857142857142,2810.389129739657,1999.5139547809495
2021-05-24,2074.285714285714,2257.0180922064624,1569.6629339407666
2021-05-25,2153.0,2264.086014528687,1565.0539596854035
2021-05-26,2282.5714285714284,2260.5315088426173,1556.7050206851202
2021-05-27,2433.1428571428573,2263.8847918227048,1549.7842679143514
2021-05-28,2582.0,2227.2876882616256,1518.7748125492199
2021-05-29,2704.0,2714.298999704689,1872.287259977969
2021-05-30,2800.428571428571,2908.020931588015,1993.4153877114059
2021-05-31,2860.5714285714284,847.4620655477262,573.9408315563168
2021-06-01,3101.142857142857,1664.9413102059495,1118.6126652771486
2021-06-02,3365.0000000000005,1641.1919641025033,1098.605724193828
2021-06-03,3657.0000000000005,1608.7376375097929,1070.6461861747773
2021-06-04,3935.0000000000005,1605.9798521473942,1064.958535916572
2021-06-05,4148.714285714285,2377.9797867638663,1599.3007494318188
2021-06-06,4452.0,2556.3378764155796,1710.7016491739178
2021-06-07,4962.285714285715,1978.8714331076562,1291.3075488507639
2021-06-08,5265.142857142857,2005.069780924682,1297.8472822211831
2021-06-09,5533.428571428572,1999.0629362285845,1287.213570002651
2021-06-10,5757.714285714286,1996.5913045640427,1278.6239375910038
2021-06-11,5987.5714285714275,2012.766901523808,1282.7675884545376
2021-06-12,6194.285714285714,2515.568304433215,1627.197968272261
2021-06-13,6384.857142857143,2680.468281272358,1724.6135883156412
2021-06-14,6692.142857142858,2067.0489162725526,1299.909988284635
2021-06-15,7047.428571428572,2099.1858505002006,1309.5317702527984
2021-06-16,7399.142857142857,2071.976666999675,1286.0137786814626
2021-06-17,7799.142857142857,2048.1697165793203,1265.0102562398256
2021-06-18,8122.571428571428,2057.7536354518443,1262.8660511071917
2021-06-19,8365.142857142859,2570.210761362284,1604.3747838571626
2021-06-20,8667.714285714286,2785.627553306401,1733.0390077907741
2021-06-21,9198.142857142857,2115.5773538787926,1284.977619120426
2021-06-22,9830.142857142857,2141.682300981131,1289.3584147833828
2021-06-23,10599.0,2126.9079440036053,1273.8108579478608
2021-06-24,11388.42857142857,2106.070816600035,1255.6936969783128
2021-06-25,12253.714285714284,2095.197968371479,1243.243280425698
2021-06-26,13156.857142857143,2662.8388968804534,1605.6379134510837
2021-06-27,14184.857142857143,2813.75021671396,1692.7585892725533
2021-06-28,15727.428571428572,2157.2240030785615,1263.7118833797388
2021-06-29,17099.571428571428,2126.957443013788,1236.5088644073257
2021-06-30,18396.14285714286,2130.3182907646083,1233.5550398728867
2021-07-01,19696.85714285715,2128.4411764333745,1225.935638259431
2021-07-02,20748.85714285714,2135.413157861576,1224.2878398348582
2021-07-03,21765.71428571429,2681.430928050318,1559.631954583233
2021-07-04,22672.714285714283,2826.077309244846,1641.2162427517133
2021-07-05,23624.0,2179.4061462193017,1238.2366607392462
2021-07-06,24817.285714285714,2161.0009973478773,1218.9232503515927
2021-07-07,26284.0,2152.296990279504,1208.4099962028545
2021-07-08,27085.85714285714,2108.0737551416296,1178.6556189969067
2021-07-09,28044.285714285717,2129.5603758481484,1184.8085204358774
2021-07-10,28718.14285714286,2706.1753150423774,1528.0489421193108
2021-07-11,29517.142857142855,2963.736627559593,1671.2062026431108
2021-07-12,30973.0,2060.8208827359567,1130.3277484722098
2021-07-13,32618.285714285714,2139.2072876288535,1167.7811603362816
2021-07-14,34907.857142857145,2123.0314765720864,1154.0207554802455
2021-07-15,38848.71428571429,2086.5952396362363,1130.2933121088945
2021-07-16,41999.14285714286,2078.7297135332647,1119.253487470949
2021-07-17,43408.71428571429,2658.9425892233394,1456.844453573998
2021-07-18,44226.28571428572,2854.091550575297,1557.8558914420346
2021-07-19,44651.14285714286,2041.6183036401233,1077.7501803461462
2021-07-20,43612.28571428571,2003.0885705197475,1046.2000715327258
2021-07-21,40945.571428571435,1955.0327428319,1017.6039346579346
2021-07-22,36690.71428571429,1880.9368870320882,976.372852208231
2021-07-23,32903.42857142857,1850.2030436739185,951.4057814024354
2021-07-24,30762.428571428572,2566.122764139823,1351.6864438238981
2021-07-25,28831.71428571429,2796.782932230255,1460.7461715945874
2021-07-26,26419.14285714286,1786.9276873478807,913.956000697797
2021-07-27,25003.999999999996,1751.9424461054305,890.6212937217786
2021-07-28,24330.142857142855,1704.5143557286183,862.4161394138457
2021-07-29,23996.714285714286,1662.41764697537,838.9338817700955
2021-07-30,23642.571428571428,1614.946635401702,811.2055806860628
2021-07-31,23382.285714285717,2370.101441511656,1209.8109211010812
2021-08-01,23242.85714285714,2548.5940366143427,1297.8165148821533
2021-08-02,23250.285714285714,1617.4181305886527,801.491006417637
2021-08-03,23401.428571428572,1582.8413269595676,781.3005651062147
2021-08-04,23680.42857142857,1543.6398231313228,759.903023805092
2021-08-05,24070.57142857143,1485.4269436489315,730.5001073395032
2021-08-06,24457.571428571428,1462.0320261855204,713.7948789863625
2021-08-07,24674.428571428572,2127.2717790830893,1050.463912834239
2021-08-08,24888.428571428572,2302.528958694778,1130.7490529058202
2021-08-09,25129.714285714286,1486.2506741645138,713.8432268234774
2021-08-10,25211.857142857145,1459.2916992887037,697.5848341423668
2021-08-11,25248.285714285714,1418.9870312032276,675.112185009428
2021-08-12,25178.0,1383.1020199851712,655.7088927367533
2021-08-13,25196.428571428572,1357.6584498131406,641.4642429923088
2021-08-14,25388.14285714286,1974.247258606381,944.6109777159129
2021-08-15,25541.85714285714,2127.3096450290977,1013.549759736416
2021-08-16,25906.285714285714,1365.9889897020457,633.9221590187558
2021-08-17,26396.571428571428,1328.7365529552937,614.2911807573684
2021-08-18,26716.857142857145,1332.6655598452376,614.8659590904964
2021-08-19,26917.571428571428,1288.2289754699673,592.3724372072136
2021-08-20,27002.857142857145,1269.1091604054063,579.6736015847325
2021-08-21,27178.857142857145,1798.6630965125487,834.2033214805281
2021-08-22,27341.285714285714,1989.3693848214684,918.9308200671516
2021-08-23,27267.85714285714,1282.7001271277245,578.3010195060086
2021-08-24,26855.14285714286,1248.6876996426154,560.6225460680589
2021-08-25,26353.714285714286,1222.7514177231224,546.5067040837454
2021-08-26,25987.85714285714,1179.1281411334662,525.74916507939
2021-08-27,25801.14285714286,1144.4228859706222,506.98413416418543
2021-08-28,25456.857142857145,1677.8414874650043,751.3673731174895
2021-08-29,24994.285714285714,1812.74742875384,812.8653166132951
2021-08-30,24231.57142857143,531.5757052043315,235.18052300030644
2021-08-31,25007.0,1089.908344036765,477.69812097858204
2021-09-01,25541.428571428572,1112.2141512214614,490.0192309502517
2021-09-02,26135.428571428572,1121.2633115132535,492.16587327991795
2021-09-03,26774.857142857145,1129.8409842799454,495.18974409797363
2021-09-04,27241.57142857143,1549.209125549091,677.3273488896764
2021-09-05,27859.857142857145,1690.4877775200616,736.8410774687734
2021-09-06,29027.0,1208.8906931309134,519.9562751675346
2021-09-07,28226.285714285714,1212.163524585971,518.063099180437
2021-09-08,27382.57142857143,1215.2090417805566,515.404516220842
2021-09-09,26506.428571428572,1208.9674301753903,510.31171122927435
2021-09-10,25412.71428571429,1223.7925164083495,512.7429449027507
2021-09-11,24499.14285714286,1578.8173096220526,669.1655086068772
2021-09-12,23703.14285714286,1692.761749767145,714.4350339361661
2021-09-13,22571.57142857143,1262.279143755392,521.9376149815025
2021-09-14,21812.571428571428,1237.122158910874,508.66094990476404
2021-09-15,21353.285714285717,1239.8503606607367,508.0179914828619
2021-09-16,21048.714285714286,1209.2837936539,493.5775134554299
2021-09-17,21242.42857142857,1202.4238495637342,487.66897880421425
2021-09-18,21809.0,1545.5236981817955,636.0733217731417
2021-09-19,22793.85714285714,1652.3127727473052,676.0570120224072
2021-09-20,23788.142857142855,1247.1347633205899,499.78601107548553
2021-09-21,24920.0,1247.2812790922862,497.9754127247352
2021-09-22,25829.0,1274.442666350205,506.34117931509877
2021-09-23,26691.714285714286,1261.8471104634286,498.6003327743597
2021-09-24,27176.000000000004,1259.9219494123229,494.2386805217793
2021-09-25,27531.428571428576,1582.0622615335812,630.0712323674437
2021-09-26,27825.57142857143,1697.723869680342,671.5795608848786
2021-09-27,28179.57142857143,1287.8815956018689,499.7295605122953
2021-09-28,28047.571428571428,1276.7905163714868,491.8870550817612
2021-09-29,28031.285714285717,1268.7828034637678,486.08457376719355
2021-09-30,27815.857142857145,1251.6599411707118,477.9471901067519
2021-10-01,27584.428571428572,1260.6773622784206,477.14220720023644
2021-10-02,27357.71428571429,1542.388912251468,594.3098615416055
2021-10-03,27398.0,1679.5873790618684,644.9888084848266
2021-10-04,27661.999999999996,1295.864850834941,485.6717106680623
2021-10-05,28037.428571428572,1273.9689184776946,474.6377692269044
2021-10-06,28589.000000000004,1292.588369470449,480.10829970684784
2021-10-07,29351.0,1286.4457404150921,475.7499966981303
2021-10-08,30165.285714285717,1289.8245319776315,473.23230000580736
2021-10-09,30923.000000000004,1617.1460610490722,601.30506182049
2021-10-10,31545.571428571428,1717.7819896441354,636.4044194884458
2021-10-11,32485.857142857145,1342.2230162992023,486.4387469616544
2021-10-12,33711.857142857145,1337.8100980228942,482.72382836018164
2021-10-13,34849.28571428572,1338.6556282884699,479.9272251003024
2021-10-14,35852.0,1335.8212246299584,477.3839322024098
2021-10-15,36809.28571428571,1337.0725544632073,474.23865845295256
2021-10-16,37438.71428571428,1649.6883557876567,592.0919943680915
2021-10-17,38284.0,1745.4963857642801,624.4910114698041
2021-10-18,39157.14285714285,1356.8379535944898,474.0410188646621
2021-10-19,39679.0,1350.5617451184125,468.446091731113
2021-10-20,40156.142857142855,1346.1274499665362,464.3044334768988
2021-10-21,40052.28571428571,1340.598809584449,461.6376479408369
2021-10-22,39751.857142857145,1312.6991262231127,448.131200699762
2021-10-23,39485.71428571428,1641.0631169125695,572.1036477670103
2021-10-24,38436.71428571429,1727.121381214318,599.9856734168527
2021-10-25,37114.57142857143,1157.5232986104625,393.3114589268896
2021-10-26,35794.28571428572,1137.888991745986,385.1347531055948
2021-10-27,34740.857142857145,1109.8707580451041,374.06311121696893
2021-10-28,34251.57142857143,1080.2261920021267,362.1780210125272
2021-10-29,34187.28571428572,1059.9842580609306,352.77956479129165
2021-10-30,33976.57142857143,1481.5714196869042,501.30765492435484
2021-10-31,33904.71428571429,1571.93079954795,530.8492947816093
2021-11-01,33581.71428571429,1254.2715530683895,411.7049989917267
2021-11-02,33017.42857142857,1285.8505998886606,420.2854788423219
2021-11-03,32006.28571428572,1281.048241960214,416.41913281532203
2021-11-04,30912.571428571428,1280.4575738609192,413.3575944930048
2021-11-05,29544.000000000004,1279.6101919157443,409.6204133679814
2021-11-06,28739.285714285717,1544.9969010936948,503.06048327211266
2021-11-07,28155.428571428572,1632.3456391555592,531.7601153231351
2021-11-08,27937.571428571428,1326.8715905064005,421.5740591357003
2021-11-09,28418.42857142857,1338.1347798565619,421.95784152360545
2021-11-10,29272.428571428572,1333.5903453215283,418.87868809982996
2021-11-11,30170.714285714283,1334.1146506923537,416.7993859835835
2021-11-12,31150.57142857143,1323.8736760459497,410.398331710541
2021-11-13,31831.85714285714,1605.3352476103023,506.8095840178117
2021-11-14,32420.428571428572,1707.3907154737824,535.4810257083811
2021-11-15,33325.85714285714,1375.225360637393,422.17117072026366
2021-11-16,33895.142857142855,1386.5383698653523,423.2997239010619
2021-11-17,34309.0,1389.1922990025187,421.50274586885183
2021-11-18,34794.28571428571,1386.678959196405,418.7583981693852
2021-11-19,35063.857142857145,1383.0341624258683,413.2581585856829
2021-11-20,35423.57142857143,1661.2392561504432,506.6713288532595
2021-11-21,35733.57142857143,1751.4235570003332,532.7359641345163
2021-11-22,35785.14285714285,1427.1382489953137,422.4982953946976
2021-11-23,36121.0,1436.160687403499,422.9618175519058
2021-11-24,36349.0,1434.050838029962,420.7517905320841
2021-11-25,36358.0,1427.6931627042036,416.7828210282373
2021-11-26,36428.71428571428,1399.1435812152174,403.582256552788
2021-11-27,36221.57142857143,1635.089362692915,487.703232685506
2021-11-28,36519.57142857143,1786.0113211499738,525.4383317887814
2021-11-29,37237.428571428565,1422.9905188127457,407.26129690078545
2021-11-30,38171.571428571435,1460.3979938064178,416.74541448751023
2021-12-01,39215.00000000001,1454.3456925735666,412.5197673058668
2021-12-02,40043.57142857143,1448.758088319552,410.24864949399705
2021-12-03,40818.57142857143,1443.8423778952124,404.3354475834162
2021-12-04,41516.00000000001,1752.7109712967924,497.52660403667454
2021-12-05,41675.28571428571,1851.4690457182276,528.0581919594422
2021-12-06,42110.14285714285,1481.7999995164364,410.7947165993746
2021-12-07,42167.00000000001,1503.7694623330756,415.6303679642897
2021-12-08,42543.0,1525.0450706666563,417.9711267806002
2021-12-09,43361.28571428571,1539.5395813415798,420.081335260993
2021-12-10,44181.00000000001,1536.852695865905,414.91697238771764
2021-12-11,45394.85714285714,1878.6146312885016,516.1746782559081
2021-12-12,47003.57142857143,2011.6877670173276,551.016613614996
2021-12-13,50606.42857142857,1569.713366487974,417.94197805983794
2021-12-14,56655.71428571428,1575.283792222146,416.11788893961324
2021-12-15,63702.28571428571,1572.9493806597725,412.859214618275
2021-12-16,70070.71428571429,1560.4925545994072,406.81448480165494
2021-12-17,75725.0,1530.8321090277625,396.52348605842417
2021-12-18,80963.0,1944.8784040132036,514.5305642968893
2021-12-19,85513.14285714286,2112.057099585126,561.0825422202028
2021-12-20,91309.42857142858,1344.7544823118162,348.39104770902253
2021-12-21,96804.28571428571,1287.3297725788816,332.54981984583446
2021-12-22,102245.99999999999,1206.3215173444864,307.90605730468917
2021-12-23,108375.28571428572,1058.520435132309,269.3963608238573
2021-12-24,113003.57142857143,753.2106673134953,191.65978251886364
2021-12-25,110314.71428571429,621.1291412098224,160.60141933186608
2021-12-26,113201.42857142857,1045.3827576059275,272.283769554461
2021-12-27,118605.28571428572,360.49243804979045,91.73134640571487
2021-12-28,124416.85714285714,354.5898948008079,90.39346397426542
2021-12-29,136580.85714285716,476.6647076633159,120.41118456825825
2021-12-30,144459.7142857143,453.0928211974502,113.94294537823477
2021-12-31,149440.42857142855,421.1675663458576,105.05347583496541
2022-01-01,154944.57142857145,521.6636806356134,133.5590279637674
2022-01-02,161974.85714285716,857.099275420213,217.8127009457831
2022-01-03,167302.0,265.7815739205475,66.59410072495267
2022-01-04,176368.14285714284,600.9729500214314,146.84225124163606
2022-01-05,170620.71428571426,625.9284035677074,152.4456787439804
2022-01-06,164637.57142857142,622.7723622746365,151.31409278663472
2022-01-07,157821.85714285713,637.4994340071484,153.99858071198915
2022-01-08,155282.71428571432,764.1396190752582,189.18086637037442
2022-01-09,145983.14285714284,827.4709775617197,205.16350799458425
2022-01-10,135054.42857142855,663.5716399971942,159.20912459196126
2022-01-11,116110.28571428571,656.970715228229,156.78406738327658
2022-01-12,102867.14285714287,656.5192609264077,155.95189646882324
2022-01-13,93463.71428571429,654.671609193376,154.65385272033052
2022-01-14,89292.71428571428,667.3088807403781,156.34229351410585
2022-01-15,87448.0,799.808038090122,190.870041449385
2022-01-16,87855.85714285713,845.2439680534177,202.77569970925742
2022-01-17,87690.85714285714,679.8628043971834,158.41494025611775
2022-01-18,88040.14285714286,674.7687511822008,156.08364860296334
2022-01-19,89110.71428571428,675.7799970597032,155.81054149379904
2022-01-20,89517.0,675.3954655676062,154.84465789188434
2022-01-21,90077.85714285713,684.4920601667727,155.81254549998255
2022-01-22,90465.85714285714,825.9791868396288,191.12584607948858
2022-01-23,90904.0,869.7822551773651,201.3527105922778
2022-01-24,90125.42857142858,704.6132022827313,159.13958131459668
2022-01-25,89248.85714285714,699.7675615032824,157.0576350186726
2022-01-26,88668.28571428571,699.5262791464468,156.3411499070823
2022-01-27,88078.28571428571,698.7265891102109,155.8632847427634
2022-01-28,87039.57142857142,710.1778605942616,157.09077339918812
2022-01-29,85980.14285714286,845.4791449600709,190.45401549058408
2022-01-30,84026.85714285714,903.2737666984902,203.01810186472184
2022-01-31,81074.57142857143,731.8184314274401,160.63964095232208
2022-02-01,78418.99999999999,734.634600251061,160.5557780178536
2022-02-02,75664.42857142857,739.1026192686548,160.46301094762322
2022-02-03,73008.00000000001,738.8700465884434,160.06386479077
2022-02-04,70274.14285714287,745.732540022703,160.16443541884846
2022-02-05,67460.57142857143,882.3599420204132,192.45404495283884
2022-02-06,63942.428571428565,928.3475683407622,203.00203790480995
2022-02-07,60289.42857142857,771.1896346275837,164.2546688121529
2022-02-08,57030.857142857145,769.746327459957,162.86963975993217
2022-02-09,53776.428571428565,770.5435990544474,162.1334805556086
2022-02-10,50560.42857142857,769.6746968760336,161.37366393850593
2022-02-11,48071.428571428565,779.7381360526474,161.75541308740634
2022-02-12,46055.85714285714,923.2090360343577,194.618617727152
2022-02-13,43519.28571428571,961.5100949988463,204.54292424610574
2022-02-14,40649.142857142855,783.6964975318929,155.03320423266888
2022-02-15,38483.42857142857,782.4742235586916,153.39287536436993
2022-02-16,36848.57142857143,782.697248192726,152.01400889258602
2022-02-17,35830.28571428572,786.4794569995427,150.82978122198386
2022-02-18,34411.57142857143,690.0869602378955,137.45618020829872
2022-02-19,34037.14285714286,922.9185140568222,184.20089817930312
2022-02-20,33482.28571428572,959.1227750762412,192.65045928190523
2022-02-21,32141.285714285717,700.0161858300067,140.85520209993106
2022-02-22,30414.14285714286,697.2371921227196,141.47617871501149
2022-02-23,28499.857142857145,687.2029360294778,139.49383624022852
2022-02-24,26750.285714285714,672.0364884903964,136.9478857529022
2022-02-25,25973.142857142855,669.9750514746854,135.93722000146008
2022-02-26,24714.142857142855,891.2694798316752,178.7493600646149
2022-02-27,23825.57142857143,962.1169024474913,191.7141357051738
2022-02-28,23653.428571428572,780.4266894707629,151.79291038221348
2022-03-01,24191.142857142855,794.0415888445955,152.80029190660719
2022-03-02,25234.571428571428,792.7198007374834,152.0770874864413
2022-03-03,26607.428571428572,797.928881868644,151.68234827345177
2022-03-04,28179.000000000004,803.7420007524044,152.08330832988514
2022-03-05,29727.571428571428,952.2569444005712,183.2666535014737
2022-03-06,31678.714285714286,1013.4238675705965,195.64653725883477
2022-03-07,34395.0,840.3040997493259,157.50986535945708
2022-03-08,37313.57142857143,844.7354995690642,157.68321140304593
2022-03-09,40456.57142857143,849.1123467883879,157.76014056049192
2022-03-10,43686.71428571428,853.033045557486,157.53800763676787
2022-03-11,46761.142857142855,848.9193207726364,155.62281196201587
2022-03-12,49690.14285714286,1005.0667692462357,187.26796179581788
2022-03-13,53150.42857142857,1055.854996659532,196.95644364355834
2022-03-14,57209.71428571428,887.0576665492081,161.3584163966039
2022-03-15,60302.0,893.4832566549608,161.43852590468282
2022-03-16,62921.0,884.3117842464566,159.3847554013671
2022-03-17,64820.42857142857,889.7576015862596,159.32176914476125
2022-03-18,66178.28571428571,882.8014024158115,156.86435000163954
2022-03-19,67026.0,1038.4180562998026,187.66309329992671
2022-03-20,67961.57142857142,1089.1360707632552,197.06418127160867
2022-03-21,69432.0,916.7362003299827,161.88392004524076
2022-03-22,70519.42857142857,923.3320698681637,162.21117423276417
2022-03-23,71024.14285714286,924.6791999187963,161.32413206930556
2022-03-24,71145.71428571428,920.230346288182,160.3382204503996
2022-03-25,70913.57142857143,916.243195870969,157.77896191357783
2022-03-26,70429.57142857143,1089.5949154749064,190.17582729620432
2022-03-27,69162.0,1158.7989490684436,203.08770405323594
2022-03-28,67591.42857142858,952.836166987342,162.81702605682847
2022-03-29,65548.85714285714,959.6350313450191,163.4190341336148
2022-03-30,63446.99999999999,959.3443878593274,162.31402162845208
2022-03-31,60218.57142857143,960.7499784286659,162.10725896816385
