date,cases,cases_7d,sir,seir,seirs
2020-09-01,1962.0,1315.857142857143,,,
2020-09-02,2696.0,1532.2857142857142,,,
2020-09-03,2716.0,1726.571428571429,,,
2020-09-04,2637.0,1904.0,,,
2020-09-05,2200.0,2068.1428571428573,,,
2020-09-06,2079.0,2224.1428571428573,,,
2020-09-07,3530.0,2545.714285714286,,,
2020-09-08,3071.0,2704.1428571428573,,,
2020-09-09,2893.0,2732.285714285714,,,
2020-09-10,3143.0,2793.285714285714,,,
2020-09-11,2893.0,2829.8571428571427,,,
2020-09-12,2224.0,2833.285714285714,,,
2020-09-13,1722.0,2782.285714285714,,,
2020-09-14,2941.0,2698.1428571428573,,,
2020-09-15,3057.0,2696.1428571428573,,,
2020-09-16,3778.0,2822.5714285714284,,,
2020-09-17,3979.0,2942.0,,,
2020-09-18,4290.0,3141.5714285714284,,,
2020-09-19,4215.0,3426.0,,,
2020-09-20,4652.0,3844.571428571429,,,
2020-09-21,4727.0,4099.714285714285,,,
2020-09-22,5400.0,4434.428571428572,,,
2020-09-23,5933.0,4742.285714285715,,,
2020-09-24,6361.0,5082.571428571428,,,
2020-09-25,6105.0,5341.857142857143,,,
2020-09-26,5704.0,5554.571428571428,,,
2020-09-27,6084.0,5759.142857142857,,,
2020-09-28,8641.0,6318.285714285715,,,
2020-09-29,8832.0,6808.571428571428,,,
2020-09-30,10663.0,7484.285714285715,,,
2020-10-01,11444.0,8210.42857142857,,,
2020-10-02,11719.0,9012.42857142857,,,
2020-10-03,9820.0,9600.42857142857,,,
2020-10-04,9966.0,10155.0,,,
2020-10-05,14218.0,10951.714285714286,,,
2020-10-06,14458.0,11755.42857142857,,,
2020-10-07,15418.0,12434.714285714286,,,
2020-10-08,15452.0,13007.285714285714,,,
2020-10-09,13159.0,13213.0,,,
2020-10-10,10301.0,13281.714285714286,,,
2020-10-11,9781.0,13255.285714285714,,,
2020-10-12,16420.0,13569.857142857143,,,
2020-10-13,15660.0,13741.57142857143,,,
2020-10-14,16646.0,13917.0,,,
2020-10-15,15428.0,13913.57142857143,,,
2020-10-16,14761.0,14142.42857142857,,,
2020-10-17,12487.0,14454.714285714286,,,
2020-10-18,11982.0,14769.142857142857,,,
2020-10-19,22369.0,15619.0,,,
2020-10-20,21638.0,16473.0,,,
2020-10-21,21762.0,17203.85714285714,,,
2020-10-22,19866.0,17837.85714285714,,,
2020-10-23,18359.0,18351.85714285714,,,
2020-10-24,13713.0,18527.0,,,
2020-10-25,13353.0,18722.85714285714,,,
2020-10-26,23033.0,18817.714285714286,,,
2020-10-27,20762.0,18692.571428571428,,,
2020-10-28,20547.0,18519.0,,,
2020-10-29,20257.0,18574.85714285714,,,
2020-10-30,19899.0,18794.85714285714,,,
2020-10-31,14565.0,18916.571428571428,,,
2020-11-01,13611.0,18953.42857142857,,,
2020-11-02,28394.0,19719.285714285717,,,
2020-11-03,22690.0,19994.714285714286,,,
2020-11-04,21053.0,20067.0,,,
2020-11-05,21206.0,20202.571428571428,,,
2020-11-06,21179.0,20385.42857142857,,,
2020-11-07,16888.0,20717.285714285717,,,
2020-11-08,18272.0,21383.14285714286,,,
2020-11-09,28560.0,21406.85714285714,,,
2020-11-10,24836.0,21713.42857142857,,,
2020-11-11,25065.0,22286.571428571428,,,
2020-11-12,22320.0,22445.714285714286,,,
2020-11-13,22008.0,22564.14285714286,,,
2020-11-14,16290.0,22478.714285714286,,,
2020-11-15,14422.0,21928.714285714286,,,
2020-11-16,24136.0,21296.714285714286,,,
2020-11-17,20677.0,20702.571428571428,,,
2020-11-18,18545.0,19771.14285714286,,,
2020-11-19,15797.0,18839.285714285717,,,
2020-11-20,14960.0,17832.428571428572,,,
2020-11-21,10806.0,17049.0,,,
2020-11-22,10216.0,16448.14285714286,,,
2020-11-23,16472.0,15353.285714285714,,,
2020-11-24,14266.0,14437.42857142857,,,
2020-11-25,14155.0,13810.285714285714,,,
2020-11-26,12459.0,13333.42857142857,,,
2020-11-27,12459.0,12976.142857142857,,,
2020-11-28,9347.0,12767.714285714286,,,
2020-11-29,9068.0,12603.714285714286,,,
2020-11-30,15228.0,12426.0,,,
2020-12-01,13731.0,12349.57142857143,15095.703169703382,16056.53033917278,16024.463816143672
2020-12-02,13662.0,12279.142857142857,15241.952964832324,14916.937988666314,14887.04739455843
2020-12-03,12762.0,12322.42857142857,15388.925179039903,14149.202764377995,14120.05536109541
2020-12-04,13065.0,12409.0,15536.60686259787,13644.739876755339,13615.370478071705
2020-12-05,10302.0,12545.42857142857,15684.984627729807,13326.787937449652,13296.54645005461
2020-12-06,11036.0,12826.57142857143,15834.044644729514,13141.071910746095,13109.52029909449
2020-12-07,17662.0,13174.285714285714,15983.772638245586,13049.212627797137,13016.055360298507
2020-12-08,16937.0,13632.285714285714,16134.153883739644,13024.070719871686,12989.107846119998
2020-12-09,17744.0,14215.42857142857,16285.17320412586,13046.453648886974,13009.549251006494
2020-12-10,18850.0,15085.142857142857,16436.81496659982,13102.788364128848,13063.849380062633
2020-12-11,20177.0,16101.142857142857,16589.063079664546,13183.475785851173,13142.437830109098
2020-12-12,16268.0,16953.428571428572,16741.90099036169,13281.727254699508,13238.545151533463
2020-12-13,18409.0,18006.714285714286,16895.31168171589,13392.74172156009,13347.3832054512
2020-12-14,30019.0,19772.0,17049.277670400348,13513.123860945872,13465.565401270886
2020-12-15,29652.0,21588.42857142857,17203.781004631695,13640.472545639417,13590.69659251802
2020-12-16,30650.0,23432.14285714286,17358.803262302183,13773.089794389403,13721.082972860047
2020-12-17,30159.0,25047.714285714286,17514.325549357272,13909.774917811346,13855.526852964516
2020-12-18,32426.0,26797.571428571428,17670.328498426687,14049.678918602694,13993.181479159533
2020-12-19,22195.0,27644.285714285717,17826.792267716966,14192.201506517935,14133.448324927409
2020-12-20,29556.0,29236.714285714286,17983.696540173427,14336.9182533982,14275.904427941281
2020-12-21,43446.0,31154.85714285714,18141.02052291965,14483.529065816841,14420.250981984429
2020-12-22,41741.0,32881.857142857145,18298.742946982155,14631.821735692798,14566.276965348583
2020-12-23,38383.0,33986.57142857143,18456.842067308226,14781.646155780823,14713.833406783002
2020-12-24,29287.0,33862.0,18615.295663084653,14932.896078736987,14862.815177104672
2020-12-25,12926.0,31076.285714285717,18774.08103836478,15085.496212070513,15013.148105014068
2020-12-26,37462.0,33257.28571428572,18933.175023011652,15239.3930874584,15164.77985970437
2020-12-27,43250.0,35213.57142857143,19092.553973964503,15394.548599918147,15317.673498459568
2020-12-28,40845.0,34842.0,19252.193776835767,15550.935435580603,15471.802899747301
2020-12-29,74058.0,39458.71428571428,19412.0698478459,15708.533835439866,15627.149530328765
2020-12-30,64243.0,43153.0,19572.157136102716,15867.329304175224,15783.70015621916
2020-12-31,47824.0,45801.142857142855,19732.430126232142,16027.31098752871,15941.445221454487
2021-01-01,28879.0,48080.142857142855,19892.862841366783,16188.470522634329,16100.37769935946
2021-01-02,55428.0,50646.71428571428,20053.428846498762,16350.801222929134,16260.492278133355
2021-01-03,50664.0,51705.857142857145,20214.10125220275,16514.297499762,16421.78478298436
2021-01-04,70920.0,56002.28571428572,20374.852718735165,16678.954451455218,16584.25176563628
2021-01-05,59600.0,53936.857142857145,20535.655460515063,16844.76757083288,16747.890212261962
2021-01-06,52752.0,52295.28571428572,20696.481250991998,17011.73253656196,16912.697335211327
2021-01-07,48132.0,52339.28571428572,20857.301427905837,17179.845063790184,17078.670424029835
2021-01-08,43494.0,54427.142857142855,21018.086898943315,17349.100796737242,17245.806738428822
2021-01-09,36419.0,51711.57142857143,21178.808147795564,17519.495230970162,17414.10343093975
2021-01-10,33749.0,49295.142857142855,21339.43524062071,17691.023656683163,17583.55749057219
2021-01-11,53519.0,46809.28571428572,21499.937832915206,17863.68111684213,17754.16570133376
2021-01-12,45968.0,44861.857142857145,21660.285176797144,18037.462375850853,17925.924611267084
2021-01-13,42303.0,43369.142857142855,21820.446128704483,18212.361895667116,18098.830508929695
2021-01-14,39658.0,42158.57142857143,21980.38915751061,18388.37381719663,18272.879405142554
2021-01-15,37879.0,41356.42857142857,22140.082353059464,18565.4919454289,18448.0670184694
2021-01-16,28413.0,40212.71428571428,22299.49343512165,18743.70973722981,18624.388763339735
2021-01-17,26976.0,39245.142857142855,22458.589762772936,18923.020291024113,18801.83974004701
2021-01-18,41935.0,37590.28571428572,22617.338344195665,19103.416337826708,18980.414726079314
2021-01-19,37055.0,36317.0,22775.70584690355,19284.89023324112,19160.108168399645
2021-01-20,32679.0,34942.142857142855,22933.658608389356,19467.43395015677,19340.914176405808
2021-01-21,29633.0,33510.0,23091.16264719498,19651.03907195625,19522.826515380202
2021-01-22,27741.0,32061.714285714286,23248.183674402433,19835.696786100754,19705.838600296287
2021-01-23,20425.0,30920.571428571428,23404.687105544177,20021.3978780019,19889.943489888807
2021-01-24,15883.0,29335.85714285714,23560.63807293026,20208.13272511641,20075.133880923222
2021-01-25,27972.0,27341.14285714286,23716.001438389587,20395.8912912204,20261.402102620028
2021-01-26,25210.0,25649.0,23870.7418064217,20584.663120834324,20448.740111203864
2021-01-27,23899.0,24394.714285714286,24024.823537755296,20774.437333779773,20637.13948455755
2021-01-28,22523.0,23379.0,24178.210763308693,20965.202619856358,20826.59141696838
2021-01-29,20363.0,22325.0,24330.867398547263,21156.94723363238,21017.086713959092
2021-01-30,15524.0,21624.85714285714,24482.757158232016,21349.65898934624,21208.615787199746
2021-01-31,14138.0,21375.571428571428,24633.843571553007,21543.325255918597,21401.168649499064
2021-02-01,20765.0,20346.0,24784.08999764067,21737.932952076804,21594.73490987614
2021-02-02,18193.0,19343.571428571428,24933.459641447553,21933.468541594724,21789.30376871427
2021-02-03,17948.0,18493.42857142857,25081.915569992267,22129.91802865191,21984.864013000068
2021-02-04,16717.0,17664.0,25229.42072895699,22327.26695331709,22181.404011651455
2021-02-05,14461.0,16820.85714285714,25375.93795962912,22525.500387160864,22378.91171093893
2021-02-06,10951.0,16167.57142857143,25521.430016177215,22724.60292900381,22577.374630004626
2021-02-07,10457.0,15641.714285714286,25665.859583250527,22924.558700805585,22776.77985648421
2021-02-08,14370.0,14728.142857142857,25809.189293891195,23125.35134370156,22977.114042236928
2021-02-09,12696.0,13942.857142857143,25951.381747747157,23326.96401419316,23178.363399188984
2021-02-10,12272.0,13132.0,26092.399529573566,23529.379380498784,23380.513695296082
2021-02-11,11637.0,12406.285714285714,26232.205228009785,23732.579619071723,23583.55025063065
2021-02-12,10986.0,11909.857142857143,26370.761454618438,23936.546411292104,23787.457933599624
2021-02-13,8025.0,11491.857142857143,26508.030863172524,24141.260940339525,23992.221157298693
2021-02-14,7781.0,11109.57142857143,26643.976169175887,24346.70388825363,24197.823876009006
2021-02-15,12953.0,10907.142857142857,26778.560169602086,24552.85543318925,24404.24958184237
2021-02-16,11268.0,10703.142857142857,26911.74576283577,24759.695246873416,24611.481301541062
2021-02-17,10419.0,10438.42857142857,27043.495968800547,24967.202492271383,24819.50159343844
2021-02-18,10303.0,10247.857142857143,27173.77394925652,25175.355821468438,25028.29254458663
2021-02-19,9246.0,9999.285714285714,27302.54302825043,25384.133373774996,25237.83576805748
2021-02-20,7161.0,9875.857142857143,27429.76671270074,25593.51277406184,25448.112400423073
2021-02-21,7033.0,9769.0,27555.408713099554,25803.471131332823,25659.103099422176
2021-02-22,10279.0,9387.0,27679.432964312866,26013.985037541966,25870.788041819014
2021-02-23,8536.0,8996.714285714286,27801.80364646035,26225.03056666226,26083.146921460604
2021-02-24,7621.0,8597.0,27922.485205855213,26436.58327401302,26296.15894753911
2021-02-25,6934.0,8115.714285714285,28041.4423759847,26648.618195853058,26509.802843065576
2021-02-26,5883.0,7635.285714285715,28158.64019851107,26861.109849246397,26724.05684356141
2021-02-27,4254.0,7220.0,28274.044044273014,27074.032232207726,26938.89869597388
2021-02-28,4112.0,6802.714285714285,28387.61963426675,27287.358824134255,27154.30565782211
2021-03-01,6215.0,6222.142857142857,28499.333060586127,27501.06258653085,27370.25449657973
2021-03-02,5950.0,5852.714285714285,28609.150807300783,27715.115964035125,27586.72148930046
2021-03-03,5305.0,5521.857142857143,28717.039771251028,27929.49088574907,27803.682422492926
2021-03-04,5011.0,5247.142857142857,28822.96728273825,28144.158766883746,28021.11259225076
2021-03-05,4728.0,5082.142857142857,28926.901126089226,28359.090510723356,28238.986804644173
2021-03-06,3832.0,5021.857142857143,29028.80956007295,28574.25651091502,28457.279376378927
2021-03-07,3677.0,4959.714285714285,29128.66133814821,28789.626654090232,28675.964135728645
2021-03-08,5818.0,4903.0,29226.425728520346,29005.170322823993,28895.014423746532
2021-03-09,5488.0,4837.0,29322.072533985563,29220.85639893753,29114.403095761878
2021-03-10,5222.0,4825.142857142857,29415.572111541118,29436.653267149875,29334.10252316725
2021-03-11,4848.0,4801.857142857143,29506.895391740018,29652.528819084022,29554.084595501874
2021-03-12,4767.0,4807.428571428572,29596.013897768746,29868.450457632738,29774.32072283647
2021-03-13,3592.0,4773.142857142857,29682.89976422667,30084.38510168898,29994.781838464914
2021-03-14,3707.0,4777.428571428572,29767.52575558633,30300.29919124571,30215.438401907704
2021-03-15,5643.0,4752.428571428572,29849.86528431353,30516.15869286974,30436.260402232332
2021-03-16,4933.0,4673.142857142857,29929.892428626743,30731.92910555361,30657.21736169515
2021-03-17,5048.0,4648.285714285715,30007.581949875566,30947.5754669498,30878.278339709486
2021-03-18,4689.0,4625.571428571428,30082.909309518185,31163.062359990854,31099.411937144247
2021-03-19,4333.0,4563.571428571428,30155.850685678328,31378.35391989886,31320.58630095732
2021-03-20,3514.0,4552.428571428572,30226.382989262493,31593.41384158741,31541.769129167686
2021-03-21,4679.0,4691.285714285715,30294.48387961856,31808.205387458995,31762.927676170104
2021-03-22,5400.0,4656.571428571428,30360.13177971766,32022.69139560013,31984.02875839565
2021-03-23,4566.0,4604.142857142857,30423.305890841355,32236.8342883766,32205.03876032175
2021-03-24,5321.0,4643.142857142857,30483.98620675691,32450.596081430424,32425.92364083439
2021-03-25,4674.0,4641.0,30542.15352736383,32663.93839308019,32646.64893994541
2021-03-26,3803.0,4565.285714285715,30597.789471795742,32876.82245412566,32867.17978586745
2021-03-27,3136.0,4511.285714285715,30650.87649096188,33089.20911805754,33087.48090244849
2021-03-28,4477.0,4482.428571428572,30701.39787951337,33301.05887167252,33307.51661696818
2021-03-29,3422.0,4199.857142857143,30749.337787220244,33512.331846093635,33527.25086829733
2021-03-30,3135.0,3995.428571428572,30794.681229745554,33722.98782819538,33746.647215421865
2021-03-31,3340.0,3712.428571428572,30837.414098803853,33932.98627243264,33965.668846332344
2021-04-01,3067.0,3482.8571428571427,30877.523171692064,34142.28631307207,34184.278587279456
2021-04-02,2248.0,3260.714285714286,30914.996120181473,34350.846776824124,34402.43891239581
2021-04-03,2121.0,3115.714285714286,30949.821518760375,34558.62619587341,34620.111953684114
2021-04-04,2042.0,2767.8571428571427,30981.98885221779,34765.58282130474,34837.25951137095
2021-04-05,2314.0,2609.5714285714284,31011.48852255933,34971.67463692166,35053.843064625646
2021-04-06,2756.0,2555.428571428572,31038.311855247375,35176.85937345367,35269.82378264283
2021-04-07,2752.0,2471.428571428572,31062.45110475835,35381.09452314818,35485.162536087206
2021-04-08,2651.0,2412.0,31083.899459450902,35584.337354742485,35699.819908898506
2021-04-09,2482.0,2445.428571428572,31102.651045739647,35786.54492881049,35913.756210454114
2021-04-10,2009.0,2429.428571428572,31118.700931569932,35987.67411347891,36126.931488086906
2021-04-11,2020.0,2426.285714285714,31132.04512919016,36187.68160050644,36339.30553995477
2021-04-12,2399.0,2438.428571428572,31142.68059721893,36386.52392171949,36550.8379282582
2021-04-13,2060.0,2339.0,31150.60524200522,36584.157465797405,36761.48799280228
2021-04-14,2068.0,2241.285714285714,31155.81791828093,36780.53849539925,36971.21486489796
2021-04-15,1959.0,2142.428571428572,31158.31842910558,36975.62316462435,37179.97748159833
2021-04-16,1963.0,2068.285714285714,31158.10752510441,37169.36753679778,37387.73460026426
2021-04-17,1398.0,1981.0,31155.186903001544,37361.72760257148,37594.44481345336
2021-04-18,2281.0,2018.2857142857144,31149.559203451157,37552.65929833165,37800.06656412669
2021-04-19,2268.0,1999.571428571429,31141.22800817018,37742.11852490196,38004.55816116587
2021-04-20,2112.0,2007.0,31130.19783637726,37930.061166532105,38207.87779519396
2021-04-21,2298.0,2039.857142857143,31116.47414054324,38116.44311016037,38409.98355469223
2021-04-22,2032.0,2050.285714285714,31100.06330145954,38301.22026493862,38610.833442405084
2021-04-23,1701.0,2012.857142857143,31080.972622631612,38484.34858200765,38810.38539202447
2021-04-24,1300.0,1998.857142857143,31059.21032400537,38665.78407450998,39008.5972851451
2021-04-25,1897.0,1944.0,31034.785535035444,38845.482837827345,39205.426968481
2021-04-26,2267.0,1943.857142857143,31007.708287104822,39023.40107002905,39400.8322713337
2021-04-27,1809.0,1900.571428571429,30977.989505306236,39199.49509251738,39594.77102330199
2021-04-28,2153.0,1879.857142857143,30945.64099959654,39373.72137085529,39787.201072222466
2021-04-29,1901.0,1861.142857142857,30910.675455335728,39546.03653576189,39978.08030232985
2021-04-30,1528.0,1836.4285714285716,30873.106423223384,39716.39740426011,40167.36665262597
2021-05-01,1210.0,1823.571428571429,30832.948308645704,39884.761000960956,40355.018135445025
2021-05-02,1305.0,1739.0,30790.21636044708,40051.08457946821,40540.99285520347
2021-05-03,1806.0,1673.142857142857,30744.926659140692,40215.32564388707,40725.24902732139
2021-05-04,2200.0,1729.0,30697.09610457347,40377.44197042003,40907.74499730282
2021-05-05,2203.0,1736.142857142857,30646.742403060933,40537.391629032645,41088.43925996131
2021-05-06,1967.0,1745.571428571429,30593.88405400838,40695.133005171745,41267.2904787772
2021-05-07,1657.0,1764.0,30538.540336035174,40850.62482151834,41444.25750537243
2021-05-08,1301.0,1777.0,30480.73129261931,41003.82615975706,41619.29939908861
2021-05-09,1985.0,1874.142857142857,30420.477717280195,41154.696482343716,41792.37544665353
2021-05-10,2325.0,1948.2857142857144,30357.801138317594,41303.19565425256,41963.44518192126
2021-05-11,1872.0,1901.4285714285716,30292.723803125486,41449.2839646842,42132.46840567021
2021-05-12,1869.0,1853.7142857142856,30225.26866209959,41592.92214871539,42299.40520544409
2021-05-13,1737.0,1820.857142857143,30155.459352157806,41734.071408871205,42464.21597541934
2021-05-14,1540.0,1804.142857142857,30083.32017989317,41872.69343660051,42626.86143628362
2021-05-15,1306.0,1804.857142857143,30008.876104378964,42008.75043363519,42787.302655108426
2021-05-16,1587.0,1748.0,29932.152719646012,42142.20513321332,42945.50106519991
2021-05-17,2341.0,1750.2857142857142,29853.176236852385,42273.02082114715,43101.41848591088
2021-05-18,2241.0,1803.0,29771.973466165695,42401.16135671556,43255.01714239724
2021-05-19,2261.0,1859.0,29688.571798378605,42526.59119336188,43406.25968530207
2021-05-20,2000.0,1896.571428571429,29602.999186277866,42649.2753991768,43555.10921035002
2021-05-21,1872.0,1944.0,29515.284125787603,42769.17967714715,43701.52927783492
2021-05-22,1606.0,1986.857142857143,29425.45563690738,42886.2703851508,43845.48393198349
2021-05-23,1918.0,2034.142857142857,29333.54324446563,43000.51455567772,43986.93772017754
2021-05-24,2750.0,2092.5714285714284,29239.57695870902,43111.87991525868,44125.85571201758
2021-05-25,2797.0,2172.0,29143.587255748116,43220.33490358129,44262.20351821039
2021-05-26,3179.0,2303.1428571428573,29045.605057879824,43325.84869227517,44395.94730926301
2021-05-27,3075.0,2456.714285714286,28945.66171380673,43428.39120334673,44527.0538339663
2021-05-28,2929.0,2607.714285714286,28843.78897877346,43527.933127245284,44655.49043765033
2021-05-29,2462.0,2730.0,28740.018994639817,43624.44594054191,44781.225080194694
2021-05-30,2598.0,2827.1428571428573,28634.38426991057,43717.901923202975,44904.22635377675
2021-05-31,3170.0,2887.1428571428573,28526.91765974095,43808.27417544055,45024.46350034068
2021-06-01,4515.0,3132.5714285714284,28417.652345937317,43895.536634122305,45141.90642877079
2021-06-02,5039.0,3398.285714285714,28306.621816971667,43979.664088723606,45256.525731752285
2021-06-03,5131.0,3692.0,28193.85984802844,44060.63219680547,45368.292702303464
2021-06-04,4886.0,3971.571428571429,28079.400481102013,44138.41749900168,45477.179349962746
2021-06-05,3964.0,4186.142857142857,27963.278005162458,44212.997433499746,45583.15841661516
2021-06-06,4730.0,4490.714285714285,27845.526936407216,44284.350349999804,45686.20339194219
2021-06-07,6791.0,5008.0,27726.181998615568,44352.45552313719,45786.28852848011
2021-06-08,6630.0,5310.142857142857,27605.278103622597,44417.29316535394,45883.38885627154
2021-06-09,6919.0,5578.714285714285,27482.85033192882,44478.8444392057,45977.48019709566
2021-06-10,6718.0,5805.428571428572,27358.933913461206,44537.09146909069,46068.53917826308
2021-06-11,6510.0,6037.428571428572,27233.564208500895,44592.01735238827,46156.54324596096
2021-06-12,5422.0,6245.714285714285,27106.776688792346,44643.60616999506,46241.470678135476
2021-06-13,6075.0,6437.857142857143,26978.6069188483,44691.842996247105,46323.30059689841
2021-06-14,8941.0,6745.0,26849.090537464333,44736.71390821769,46402.01298044508
2021-06-15,9153.0,7105.428571428572,26718.26323945624,44778.20599438045,46477.58867447196
2021-06-16,9411.0,7461.428571428572,26586.16075763312,44816.307362628635,46550.009403082055
2021-06-17,9523.0,7862.142857142857,26452.818845018413,44851.007147641794,46619.25777916703
2021-06-18,8772.0,8185.285714285715,26318.27325733052,44882.295517591905,46685.317314255684
2021-06-19,7127.0,8428.857142857143,26182.559735734245,44910.16368018186,46748.17242781858
2021-06-20,8203.0,8732.857142857143,26045.713989873813,44934.603888009704,46807.80845601952
2021-06-21,12707.0,9270.857142857143,25907.77168119733,44955.60944325309,46864.211659904875
2021-06-22,13563.0,9900.857142857143,25768.768406582454,44973.17470166867,46917.36923302262
2021-06-23,14806.0,10671.57142857143,25628.739682272226,44987.29507590273,46967.26930846347
2021-06-24,15084.0,11466.0,25487.720928129398,44997.96703810915,47013.90096531665
2021-06-25,14901.0,12341.57142857143,25345.7474522174,45005.18812187236,47057.25423453451
2021-06-26,13486.0,13250.0,25202.85443571512,45008.95692343347,47097.32010419966
2021-06-27,15407.0,14279.142857142857,25059.076918172395,45009.27310221832,47134.090524189756
2021-06-28,23511.0,15822.57142857143,24914.449783112595,45006.13738066727,47167.558410235346
2021-06-29,23250.0,17206.428571428572,24769.007743987866,44999.551543367445,47197.717647367084
2021-06-30,23941.0,18511.42857142857,24622.785330492432,44989.518435488346,47224.56309274891
2021-07-01,24267.0,19823.285714285717,24475.81687523861,44976.04196052338,47248.09057789503
2021-07-02,22287.0,20878.42857142857,24328.13650079969,44959.127077339865,47268.296910268524
2021-07-03,20638.0,21900.14285714286,24179.778107123435,44938.77979654116,47285.179874260924
2021-07-04,21806.0,22814.285714285717,24030.775359319305,44915.00717614574,47298.738231551724
2021-07-05,30215.0,23772.0,23881.161675822226,44887.81731658778,47308.971720848596
2021-07-06,31627.0,24968.714285714286,23730.970216934944,44857.21935504575,47315.881057008846
2021-07-07,34274.0,26444.85714285714,23580.23387375085,44823.22345910545,47319.46792954389
2021-07-08,29929.0,27253.714285714286,23428.985257458542,44785.84081976473,47319.73500050897
2021-07-09,29050.0,28219.85714285714,23277.256689028818,44745.08364378846,47316.68590178088
2021-07-10,25411.0,28901.714285714286,23125.080189284636,44700.96514542215,47310.32523172757
2021-07-11,27418.0,29703.42857142857,22972.48746935403,44653.49953747393,47300.658551273606
2021-07-12,40477.0,31169.42857142857,22819.50992150529,44602.702021775105,47287.69237936655
2021-07-13,43247.0,32829.42857142857,22666.178610363862,44548.58877902998,47271.4341878497
2021-07-14,50320.0,35121.71428571428,22512.524264509455,44491.1769580666,47251.89239574733
2021-07-15,57583.0,39072.28571428572,22358.57726845192,44430.48466450032,47229.07636296939
2021-07-16,51138.0,42227.71428571428,22204.367654983776,44366.53094882298,47202.99638344279
2021-07-17,35281.0,43637.71428571428,22049.925097907097,44299.33579393099,47173.663677677425
2021-07-18,33164.0,44458.57142857143,21895.27890513212,44228.92010210591,47141.0903847755
2021-07-19,43401.0,44876.28571428572,21740.458012144456,44155.30568146213,47105.289553893126
2021-07-20,35947.0,43833.42857142857,21585.49097583768,44078.51523187631,47066.27513516418
2021-07-21,31676.0,41170.0,21430.405968707644,43998.5723304138,47024.0619700962
2021-07-22,27711.0,36902.57142857143,21275.230773404634,43915.501416268184,46978.66578144949
2021-07-23,24586.0,33109.42857142857,21119.99277763916,43829.327775229656,46930.10316261042
2021-07-24,20276.0,30965.85714285714,20964.718969437017,43740.07752369922,46878.39156647058
2021-07-25,19657.0,29036.285714285717,20809.435932738863,43647.77759226535,46823.549293824086
2021-07-26,26541.0,26627.714285714286,20654.169843339525,43552.455708860805,46765.59548129584
2021-07-27,26027.0,25210.571428571428,20498.946465161764,43454.140381516845,46704.55008881322
2021-07-28,26925.0,24531.85714285714,20343.79114685934,43352.86088073313,46640.433886635255
2021-07-29,25361.0,24196.14285714286,20188.728818743784,43248.647221481224,46573.268441952634
2021-07-30,22109.0,23842.285714285717,20033.783990029195,43141.53014486034,46503.0761050731
2021-07-31,18450.0,23581.42857142857,19878.980746389218,43031.541099423914,46429.87999520643
2021-08-01,18714.0,23446.714285714286,19724.34274782025,42918.71222219577,46353.70398586391
2021-08-02,26580.0,23452.285714285717,19569.89322680463,42803.07631939497,46274.572689887646
2021-08-03,27062.0,23600.14285714286,19415.654986767713,42684.66684688845,46192.511444124604
2021-08-04,28895.0,23881.571428571428,19261.65040082225,42563.51789039047,46107.54629376155
2021-08-05,28126.0,24276.571428571428,19107.9014107938,42439.66414542857,46019.70397633633
2021-08-06,24851.0,24668.285714285717,18954.429526520405,42313.14089709489,45929.01190544162
2021-08-07,19957.0,24883.571428571428,18801.25582542005,42183.98399960248,45835.49815413759
2021-08-08,20157.0,25089.714285714286,18648.40095231905,42052.22985566593,45739.19143808938
2021-08-09,28292.0,25334.285714285717,18495.885119534698,41917.915395725526,45640.121098446405
2021-08-10,27610.0,25412.571428571428,18343.728107205246,41781.078057034116,45538.31708447954
2021-08-11,29135.0,25446.85714285714,18191.949263860417,41641.75576262613,45433.80993599336
2021-08-12,27690.0,25384.571428571428,18040.567507225547,41499.9869001874,45326.63076552975
2021-08-13,24992.0,25404.714285714286,17889.601325252403,41355.81030084496,45216.81124037983
2021-08-14,21336.0,25601.714285714286,17739.068777369866,41209.26521789549,45104.38356442099
2021-08-15,21280.0,25762.14285714286,17588.98749594735,41060.39130549095,44989.38045979559
2021-08-16,30861.0,26129.14285714286,17439.37468796428,40909.22859729971,44871.835148448314
2021-08-17,31095.0,26627.0,17290.247136878545,40755.81748516153,44751.78133353854
2021-08-18,31426.0,26954.285714285717,17141.621204687166,40600.19869775389,44629.253180744665
2021-08-19,29081.0,27153.0,16993.512834172227,40442.41327928759,44504.28529947639
2021-08-20,25555.0,27233.42857142857,16845.93755132534,40282.502568248965,44376.91272401182
2021-08-21,22605.0,27414.714285714286,16698.910467943868,40120.50817620544,44247.17089457533
2021-08-22,22409.0,27576.0,16552.446284392154,39956.471966691424,44115.095638372295
2021-08-23,30333.0,27500.571428571428,16406.559292521084,39790.43603419075,43980.723150596685
2021-08-24,28212.0,27088.714285714286,16261.263378739499,39622.442683231704,43844.08997542701
2021-08-25,27901.0,26585.14285714286,16116.57202723077,39452.53440761027,43705.232987026444
2021-08-26,26482.0,26213.85714285714,15972.498323308213,39280.75386975685,43564.189370561995
2021-08-27,24253.0,26027.85714285714,15829.054956902886,39107.143880261254,43420.99660325813
2021-08-28,20138.0,25675.42857142857,15686.254226177523,38931.74737757043,43275.69243549917
2021-08-29,19152.0,25210.14285714286,15544.108041260382,38754.607407873045,43128.31487199546
2021-08-30,24973.0,24444.42857142857,15402.627928092868,38575.76710518429,42978.90215302702
2021-08-31,33565.0,25209.14285714286,15261.825032384957,38395.26967164421,42827.492735778826
2021-09-01,31600.0,25737.571428571428,15121.710123672441,38213.15835804226,42674.125275781356
2021-09-02,30636.0,26331.0,14982.293599470253,38029.476444580105,42518.838608469356
2021-09-03,28730.0,26970.571428571428,14843.585489516066,37844.26722188481,42361.6717308721
2021-09-04,23409.0,27437.85714285714,14705.5954600986,37657.573972283266,42202.66378344745
2021-09-05,23457.0,28052.85714285714,14568.332818465155,37469.439951348984,42041.85403207197
2021-09-06,33135.0,29218.85714285714,14431.806517302932,37279.90836973156,41879.28185019908
2021-09-07,27938.0,28415.0,14296.025159288918,37089.022375278386,41714.9867011965
2021-09-08,25659.0,27566.285714285717,14160.9970017031,36896.8250354584,41549.00812087427
2021-09-09,24440.0,26681.14285714286,14026.729961100058,36703.35932009645,41381.38570021378
2021-09-10,21031.0,25581.285714285717,13893.231618033918,36508.66808442665,41212.15906830854
2021-09-11,16956.0,24659.42857142857,13760.509221831913,36312.794052472804,41041.36787552607
2021-09-12,17879.0,23862.571428571428,13628.56969541184,36115.77980076314,40869.051776900786
2021-09-13,25199.0,22728.85714285714,13497.41964013883,35917.66774238639,40695.25041576689
2021-09-14,22641.0,21972.14285714286,13367.065340717041,35718.500111395544,40520.003407639735
2021-09-15,22414.0,21508.571428571428,13237.512770111813,35518.318947565334,40343.35032435433
2021-09-16,22320.0,21205.714285714286,13108.767594498266,35317.16608150875,40165.33067846838
2021-09-17,22375.0,21397.714285714286,12980.835178232053,35115.0831201578,39985.98390793773
2021-09-18,20926.0,21964.85714285714,12853.720588838456,34912.111432612845,39805.34936107081
2021-09-19,24789.0,22952.0,12727.428602015894,34708.29213636475,39623.466281769135
2021-09-20,32121.0,23940.85714285714,12601.963706650115,34503.66608389324,39440.37379505963
2021-09-21,30547.0,25070.285714285717,12477.330109835544,34298.27384964475,39256.11089292485
2021-09-22,28789.0,25981.0,12353.531741900142,34092.1557173925,39070.71642043638
2021-09-23,28340.0,26841.0,12230.572261430589,33885.35166798092,38884.22906219625
2021-09-24,25754.0,27323.714285714286,12108.455060294371,33677.90136745632,38696.68732909117
2021-09-25,23389.0,27675.571428571428,11987.183268655723,33469.84415558531,38508.12954536349
2021-09-26,26814.0,27964.85714285714,11866.759759982375,33261.219034761845,38318.59383600289
2021-09-27,34595.0,28318.285714285717,11747.187156040161,33052.06465930346,38128.11811446185
2021-09-28,29628.0,28187.0,11628.467831872711,32842.41932513707,37936.74007069827
2021-09-29,28688.0,28172.571428571428,11510.603920763551,32632.32095987398,37744.4971595475
2021-09-30,26808.0,27953.714285714286,11393.597319177965,32421.80711327361,37551.426589426206
2021-10-01,24134.0,27722.285714285717,11277.449691682188,32210.914948095033,37357.5653113699
2021-10-02,21873.0,27505.714285714286,11162.16247583754,31999.681231334966,37162.950008405554
2021-10-03,27138.0,27552.0,11047.736887067225,31788.142325850735,36967.6170852605
2021-10-04,36475.0,27820.571428571428,10934.173923493641,31576.3341823661,36771.6026584085
2021-10-05,32269.0,28197.85714285714,10821.474370744083,31364.2923318578,36574.9425464532
2021-10-06,32547.0,28749.14285714286,10709.63880672296,31152.051878320166,36377.67226084944
2021-10-07,32158.0,29513.42857142857,10598.66760634853,30939.647491904925,36179.82699696182
2021-10-08,29848.0,30329.714285714286,10488.560946252474,30727.113402433108,35981.44162546047
2021-10-09,27180.0,31087.85714285714,10379.318809440565,30514.483393275463,35782.55068405284
2021-10-10,31499.0,31710.85714285714,10270.940989912822,30301.790795597924,35583.188369550495
2021-10-11,43115.0,32659.42857142857,10163.427097241718,30089.06848296789,35383.38853026973
2021-10-12,40892.0,33891.28571428572,10056.776561106863,29876.34886631734,35183.184658764
2021-10-13,40547.0,35034.142857142855,9950.988635785014,29663.66388925833,34982.60988488653
2021-10-14,39262.0,36049.0,9846.062404593973,29451.04502374611,34781.69696918066
2021-10-15,36631.0,37018.0,9741.99678428933,29238.52326608521,34580.47829659564
2021-10-16,31639.0,37655.0,9638.790529412847,29026.129133273313,34378.98587052518
2021-10-17,37501.0,38512.42857142857,9536.442236591527,28813.89265967779,34177.25130716569
2021-10-18,49257.0,39389.857142857145,9434.950348786384,28601.84339403945,33975.30583019123
2021-10-19,44630.0,39923.857142857145,9334.313159490033,28390.010396798058,33773.18026574179
2021-10-20,43963.0,40411.857142857145,9234.528816872324,28178.422237733797,33570.905037721284
2021-10-21,38581.0,40314.57142857143,9135.595327873198,27967.106993918973,33368.51016340162
2021-10-22,34506.0,40011.0,9037.51056224219,27756.092247973957,33166.025249328806
2021-10-23,29747.0,39740.71428571428,8940.272256523895,27545.405086621256,32963.4794875271
2021-10-24,30091.0,38682.142857142855,8843.878017988849,27335.072099531608,32760.901651996923
2021-10-25,39958.0,37353.71428571428,8748.325328509389,27125.119378455835,32558.32009550208
2021-10-26,35276.0,36017.42857142857,8653.611548379973,26915.57251663597,32355.762746641867
2021-10-27,36524.0,34954.71428571428,8559.733920081662,26706.456608489447,32153.257107203175
2021-10-28,35076.0,34454.0,8466.689571990386,26497.79624955962,31950.830249787974
2021-10-29,33995.0,34381.0,8374.475522028753,26289.61553672625,31748.508815711186
2021-10-30,28243.0,34166.142857142855,8283.088681261148,26081.938068669253,31546.31901316386
2021-10-31,29564.0,34090.857142857145,8192.525857431998,25874.786946579083,31344.28661563659
2021-11-01,37663.0,33763.0,8102.78375844701,25668.184775107096,31142.43696059796
2021-11-02,31328.0,33199.0,8013.858995797366,25462.15366354923,30940.794948422652
2021-11-03,29396.0,32180.714285714286,7925.748087926792,25256.71522725623,30739.385041563895
2021-11-04,27379.0,31081.14285714286,7838.447463541519,25051.890589263723,30538.231263964815
2021-11-05,24405.0,29711.14285714286,7751.953464863184,24847.700382135492,30337.357200703154
2021-11-06,22581.0,28902.285714285717,7666.262350824735,24644.164750013155,30136.785997863866
2021-11-07,25447.0,28314.14285714286,7581.370300209483,24441.303350865615,29936.540362633965
2021-11-08,36138.0,28096.285714285717,7497.273414733422,24239.135358931635,29736.642563614034
2021-11-09,34679.0,28575.0,7413.967722071032,24037.67946734878,29537.114431340648
2021-11-10,35390.0,29431.285714285717,7331.449178824759,23836.95389096233,29337.977359014283
2021-11-11,33700.0,30334.285714285717,7249.71367343844,23636.976369307373,29139.25230342672
2021-11-12,31337.0,31324.571428571428,7168.757029054935,23437.764169757753,28940.95978608247
2021-11-13,27358.0,32007.0,7088.575006318266,23239.334090835262,28743.119894508425
2021-11-14,29599.0,32600.14285714286,7009.163306120624,23041.702465672755,28545.7522837462
2021-11-15,42477.0,33505.71428571428,6930.517572294567,22844.88516562485,28348.87617802122
2021-11-16,38656.0,34073.857142857145,6852.633394250799,22648.897604019865,28152.510372583158
2021-11-17,38257.0,34483.42857142857,6775.506309561935,22453.754740046792,27956.673235711976
2021-11-18,37099.0,34969.0,6699.13180649267,22259.471082771295,27761.382710883918
2021-11-19,33184.0,35232.857142857145,6623.50532647681,22066.06069527446,27566.65631909197
2021-11-20,29868.0,35591.42857142857,6548.622266541592,21873.537198908554,27372.511161315175
2021-11-21,31761.0,35900.28571428572,6474.477981679806,21681.9137776637,27178.96392113133
2021-11-22,42869.0,35956.28571428572,6401.067787170205,21491.20318263986,26986.03086746763
2021-11-23,41015.0,36293.28571428572,6328.386960846683,21301.417736618198,26793.727857483827
2021-11-24,39881.0,36525.28571428572,6256.430745316817,21112.569338726444,26602.070339582504
2021-11-25,37143.0,36531.57142857143,6185.194350130216,20924.669469192566,26411.073356541307
2021-11-26,33666.0,36600.42857142857,6114.67295389732,20737.72919418141,26220.751548761767
2021-11-27,28459.0,36399.142857142855,6044.861706359146,20551.759170708967,26031.119157629564
2021-11-28,33857.0,36698.57142857143,5975.755730408578,20366.76965162907,25842.190028981233
2021-11-29,47939.0,37422.857142857145,5907.35012406379,20182.770490687384,25653.97761667213
2021-11-30,47632.0,38368.142857142855,5839.639962394388,19999.77114763773,25466.49498624077
2021-12-01,47263.0,39422.71428571428,5772.620299400854,19817.780693415796,25279.754818664693
2021-12-02,43045.0,40265.857142857145,5706.286169847912,19636.80781536545,25093.769414202972
2021-12-03,39222.0,41059.57142857143,5640.632591052457,19456.860822513067,24908.550696320613
2021-12-04,33379.0,41762.42857142857,5575.6545646265895,19277.947650885126,24724.110215690358
2021-12-05,35037.0,41931.0,5511.347078176464,19100.075868864835,24540.45915426708
2021-12-06,51123.0,42385.857142857145,5447.705106957529,18923.25268258322,24357.60832943051
2021-12-07,48146.0,42459.28571428572,5384.723615486794,18747.48494134063,24175.568198191806
2021-12-08,50059.0,42858.71428571428,5322.397559112781,18572.7791430544,23994.34886145958
2021-12-09,48817.0,43683.28571428572,5260.721885543771,18399.141439728723,23813.960068361335
2021-12-10,45018.0,44511.28571428572,5199.691536335,18226.577642942848,23634.411220616053
2021-12-11,41940.0,45734.28571428572,5139.301448335436,18055.093229353744,23455.711376953892
2021-12-12,46367.0,47352.857142857145,5079.546555094794,17884.693346209602,23277.869257579136
2021-12-13,76507.0,50979.142857142855,5020.421788231403,17715.382816870624,23100.89324867248
2021-12-14,90717.0,57060.71428571428,4961.922078761589,17547.166146333588,22924.791406928845
2021-12-15,99654.0,64145.71428571428,4904.042358391199,17380.04752675687,22749.571464127133
2021-12-16,93804.0,70572.42857142857,4846.777560769928,17214.03084298267,22575.24083172829
2021-12-17,84967.0,76279.42857142857,4790.122622709048,17049.119678053346,22401.806605498223
2021-12-18,78930.0,81563.71428571429,4734.072485363215,16885.317318718782,22229.275570152113
2021-12-19,78497.0,86153.71428571429,4678.62209537696,16722.626760931857,22057.654204016904
2021-12-20,117577.0,92020.85714285714,4623.766405996503,16561.05071532927,21886.948683708724
2021-12-21,129599.0,97575.42857142857,4569.500378147526,16400.591612694956,21717.164888822073
2021-12-22,138142.0,103073.71428571428,4515.8189814795105,16241.25160940346,21548.30840662785
2021-12-23,137021.0,109247.57142857143,4462.7171953772795,16083.032592840826,21380.38453677717
2021-12-24,117562.0,113904.0,4410.190009940342,15925.936186800507,21213.39829600825
2021-12-25,59912.0,111187.14285714286,4358.232426930674,15769.96375685207,21047.354422853496
2021-12-26,98918.0,114104.42857142857,4306.83946068952,15615.11641568037,20882.25738234418
2021-12-27,155567.0,119531.57142857143,4256.006139023832,15461.395028393194,20718.111370710176
2021-12-28,170586.0,125386.85714285714,4205.72750406295,15308.80021779522,20554.920320072124
2021-12-29,224031.0,137656.7142857143,4155.9986130860925,15157.33236962646,20392.687903123835
2021-12-30,192825.0,145628.7142857143,4106.814539321275,15006.991637763256,20231.417537802354
2021-12-31,152887.0,150675.14285714287,4058.170372716215,14857.777949380106,20071.112391943712
2022-01-01,99303.0,156302.42857142858,4010.061220681807,14709.691010070641,19911.775387922047
2022-01-02,148609.0,163401.14285714287,3962.4822088087476,14562.730308926175,19753.40920727005
2022-01-03,193617.0,168836.85714285713,3915.4284815578562,14416.895123570283,19596.016295278845
2022-01-04,234873.0,178020.7142857143,3868.895202924667,14272.184525147995,19439.598865575244
2022-01-05,183798.0,172273.14285714287,3822.8775570788234,14128.597383268318,19284.15890467475
2022-01-06,150786.0,166267.57142857142,3777.370748978853,13986.132370898707,19129.698176508333
2022-01-07,105080.0,159438.0,3732.370004962821,13844.787969210385,18976.21822692149
2022-01-08,81221.0,156854.85714285713,3687.870573315427,13704.562472373354,18823.720388143898
2022-01-09,83081.0,147493.7142857143,3643.8677248120507,13565.453992300056,18672.205783228143
2022-01-10,116343.0,136454.57142857142,3600.3567532402776,13427.460463336682,18521.675330456128
2022-01-11,100979.0,117326.85714285714,3557.3329758994087,13290.579646901278,18372.12974771167
2022-01-12,90000.0,103927.14285714286,3514.7917340784584,13154.809136067757,18223.569556818118
2022-01-13,84132.0,94405.14285714286,3472.7283935131454,13020.14636009505,18075.995087839583
2022-01-14,75174.0,90132.85714285714,3431.1383448223605,12886.588588900693,17929.406483344726
2022-01-15,67821.0,88218.57142857143,3390.017003924594,12754.13293747821,17783.803702631965
2022-01-16,85599.0,88578.28571428571,3349.3598124348096,12622.776370257649,17639.186525914993
2022-01-17,114776.0,88354.42857142857,3309.162238042217,12492.515705408785,17495.5545584677
2022-01-18,103308.0,88687.14285714286,3269.4197748694255,12363.347619086531,17352.907234727434
2022-01-19,97335.0,89735.0,3230.1279438134193,12235.268649618052,17211.243822355973
2022-01-20,86951.0,90137.71428571428,3191.2822928688015,12108.275201631255,17070.563426257082
2022-01-21,79172.0,90708.85714285714,3152.8783974337607,11982.363550124386,16930.864992550203
2022-01-22,70483.0,91089.14285714286,3114.9118605991835,11857.529844476374,16792.147312499306
2022-01-23,88558.0,91511.85714285714,3077.378313421337,11733.770112397731,16654.40902639649
2022-01-24,109233.0,90720.0,3040.2734151785567,11611.080263821877,16517.648627399554
2022-01-25,96955.0,89812.42857142857,3003.592853612327,11489.45609473669,16381.86446532308
2022-01-26,93211.0,89223.28571428571,2967.332345153188,11368.893290956214,16247.05475038252
2022-01-27,82725.0,88619.57142857143,2931.4876351318394,11249.387431832494,16113.217556890813
2022-01-28,71682.0,87549.57142857143,2896.054497975861,11130.93399390752,15980.350826907148
2022-01-29,63024.0,86484.0,2861.028737392403,11013.528354505295,15848.452373837485
2022-01-30,74980.0,84544.28571428571,2826.406186537254,10897.165795264087,15717.51988598655
2022-01-31,88502.0,81582.71428571429,2792.182708170636,10781.841505609016,15587.550930060987
2022-02-01,78511.0,78947.85714285714,2758.3541948000966,10667.550586165054,15458.542954623468
2022-02-02,73908.0,76190.28571428571,2724.916568810863,10554.288052110633,15330.493293497555
2022-02-03,64032.0,73519.85714285714,2691.865782583991,10442.048836472051,15203.399169123099
2022-02-04,52556.0,70787.57142857143,2659.1978186026754,10330.82779335891,15077.257695862163
2022-02-05,43233.0,67960.28571428571,2626.908689547036,10220.619701140862,14952.065883255264
2022-02-06,50148.0,64412.857142857145,2594.9944383777265,10111.419265565875,14827.820639227944
2022-02-07,62672.0,60722.857142857145,2563.4511384086777,10003.221122820443,14704.51877324767
2022-02-08,55437.0,57426.57142857143,2532.2748933693097,9896.019842531954,14582.15699943097
2022-02-09,51013.0,54155.857142857145,2501.4618374565034,9789.809930713678,14460.73193960097
2022-02-10,41331.0,50912.857142857145,2471.0081353766504,9684.585832652674,14340.240126295299
2022-02-11,34944.0,48396.857142857145,2440.90998237808,9580.341935741078,14220.67800572454
2022-02-12,29142.0,46383.857142857145,2411.1636042741457,9477.072572251163,14102.041940681263
2022-02-13,32326.0,43837.857142857145,2381.7652574572708,9374.772022054596,13984.328213399875
2022-02-14,42490.0,40954.71428571428,2352.711228904223,9273.434515286392,13867.533028367394
2022-02-15,40145.0,38770.142857142855,2323.997836172901,9173.054234954028,13751.652515085372
2022-02-16,39445.0,37117.57142857143,2295.621427390898,9073.625319492177,13636.682730783199
2022-02-17,34168.0,36094.28571428572,2267.578381236101,8975.141865263602,13522.619663082984
2022-02-18,24923.0,34662.71428571428,2239.865106909596,8877.597929006726,13409.459232616322
2022-02-19,26429.0,34275.142857142855,2212.4780441011153,8780.987530230392,13297.197295593203
2022-02-20,28411.0,33715.857142857145,2185.413662947288,8685.304653556392,13185.829646323335
2022-02-21,33033.0,32364.85714285714,2158.6684639829205,8590.543251010271,13075.352019690272
2022-02-22,28019.0,30632.571428571428,2132.238978085557,8496.697244261033,12965.760093578603
2022-02-23,26009.0,28713.14285714286,2106.1217664135374,8403.76052681028,12857.049491254566
2022-02-24,21882.0,26958.0,2080.313420337787,8311.726966131393,12749.215783700518
2022-02-25,19533.0,26188.0,2054.810561367551,8220.590405759336,12642.254491903514
2022-02-26,17604.0,24927.285714285717,2029.6098410702932,8130.344667331701,12536.161089098516
2022-02-27,22165.0,24035.0,2004.7079409859703,8040.983552581576,12430.931002966543
2022-02-28,31865.0,23868.14285714286,1980.101572535877,7952.5008452828815,12326.559617788216
2022-03-01,31864.0,24417.42857142857,1955.7874769262778,7864.890313148774,12223.042276553113
2022-03-02,33361.0,25467.714285714286,1931.7624250470042,7778.145709683737,12120.374283025394
2022-03-03,31533.0,26846.42857142857,1908.023217365221,7692.260775990003,12018.550903766076
2022-03-04,30605.0,28428.14285714286,1884.5666838145412,7607.2292425289415,11917.56737011252
2022-03-05,28509.0,29986.0,1861.3896836796728,7523.044830838018,11817.41888011548
2022-03-06,35914.0,31950.14285714286,1838.4891054767768,7439.701255203992,11718.100600434242
2022-03-07,50982.0,34681.142857142855,1815.861866829705,7357.192224292972,11619.607668190361
2022-03-08,52342.0,37606.57142857143,1793.504914342289,7275.511442737996,11521.93519278039
2022-03-09,55491.0,40768.0,1771.415223466848,7194.652612684739,11425.07825764817
2022-03-10,54298.0,44020.142857142855,1749.5897983690693,7114.609435296012,11329.031922017164
2022-03-11,52270.0,47115.142857142855,1728.0256717894194,7035.375612215705,11233.791222583262
2022-03-12,49161.0,50065.42857142857,1706.719904901246,6956.9448469927875,11139.3511751687
2022-03-13,60270.0,53544.857142857145,1685.6695871657068,6879.310846466019,11045.70677633742
2022-03-14,79517.0,57621.28571428572,1664.8718361836775,6802.467322110023,10952.85300497258
2022-03-15,74101.0,60729.71428571428,1644.3237975447787,6726.40799134333,10860.78482381653
2022-03-16,73952.0,63367.0,1624.022644673661,6651.126578799055,10769.497180973956
2022-03-17,67687.0,65279.71428571428,1603.965578673676,6576.616817558822,10678.985011378534
2022-03-18,61904.0,66656.0,1584.1498281680642,6502.872450350582,10589.243238223766
2022-03-19,55211.0,67520.28571428571,1564.5726491387984,6429.887230710921,10500.266774358417
2022-03-20,66907.0,68468.42857142857,1545.231324763185,6357.65492411254,10412.050523647098
2022-03-21,89907.0,69952.71428571429,1526.1231652483627,6286.169309057446,10324.589382296557
2022-03-22,81845.0,71059.0,1507.2455076638005,6215.424178136557,10237.878240148133
2022-03-23,77600.0,71580.14285714286,1488.5957157719217,6145.413339056256,10151.911981936955
2022-03-24,68604.0,71711.14285714286,1470.1711798569488,6076.130615632556,10066.685488518338
2022-03-25,60256.0,71475.71428571429,1451.9693165520926,6007.569848753471,9982.193638061985
2022-03-26,51776.0,70985.0,1433.9875686651765,5939.724897310144,9898.431307214425
2022-03-27,58000.0,69712.57142857143,1416.2234050028044,5872.589639097409,9815.393372230228
2022-03-28,78909.0,68141.42857142857,1398.6743201931727,5806.1579716842925,9733.074710072577
2022-03-29,67441.0,66083.71428571429,1381.3378345076096,5740.423813255105,9651.470199483592
2022-03-30,62750.0,63962.28571428572,1364.2114936809517,5675.381103421645,9570.574722025014
2022-03-31,45879.0,60715.857142857145,1347.2928687309102,5611.023803993214,9490.383163090888
