beta,gamma,I0,peak_prev,attack_rate
0.10557766104723576,0.07338115861338536,9746.776841097038,0.04254090917487409,0.19542960137381982
0.1335822365134027,0.09993555987829668,19648.697519481553,0.03349773924967826,0.3007357176214467
0.21966082539216125,0.13659457361150168,20935.862667547564,0.08061950662962517,0.6430965780140001
0.10267208303440385,0.23271861274652486,5536.399879520304,9.790249989346276e-05,0.006363524208294669
0.20407467811799762,0.10444385771596608,22992.14501213226,0.14258818335680162,0.7815172902166019
0.15062187374084524,0.25157560687966796,14328.097868004555,0.00025336981260778806,0.006814409678506994
0.27831029681515046,0.11136739414858106,17054.2454454321,0.22962506073912983,0.8911891016490836
0.09685418328677424,0.2556454989388892,21975.39418047687,0.00038860018662513024,0.006812279009575484
0.20838698057024652,0.23437903180974792,9246.840411479861,0.00016351578861717122,0.0075806616622868805
0.1042570740414677,0.23798714704940113,7003.460778704417,0.00012384515805610266,0.006408506321521568
0.15681216108189433,0.16962730757240313,17395.69022624128,0.0003076153452753958,0.00969501446962373
0.18165300691214742,0.1998573987448954,20253.34530409912,0.0003581484682512909,0.009763252005728917
0.1712512739225431,0.1837822467752373,8355.385122746355,0.00014775180783372014,0.00804722864655516
0.16125040598473578,0.23368008636004783,14745.091300414899,0.00026074368378048695,0.007018010347149994
0.1751962000136379,0.10128478905694593,17648.516682742673,0.10266242168013837,0.6989052401062136
0.09114944514207565,0.23012932550958423,6361.073637880771,0.00011248555463968577,0.006374685726063589
0.23038998727296744,0.13004804200735656,22154.74144813515,0.11025700424249907,0.7189144331609529
0.1301348215257923,0.2310878377606791,21619.008914553928,0.00038229807528593346,0.007056682623011068
0.19071811043782436,0.1205033859658631,17949.444926826218,0.07599041088375393,0.6269694914805152
0.25913907639569816,0.07237687696447526,21490.856072538576,0.3600559826908098,0.9682913709695793
0.2773057287116028,0.1070504317464108,16791.926080163354,0.24284315439255147,0.9025543984063333
0.22257829803833962,0.19730542320903946,15985.815926307809,0.006271677327366188,0.131687644258629
0.11091551553255853,0.2542673461984919,3224.6473145092764,5.702280186317629e-05,0.006289852845813071
0.16936507863216452,0.10887621806328948,18111.018182998458,0.07111179571122915,0.6046649390349315
0.17584594334292855,0.22867080060011422,10135.177946338252,0.00017922463684064312,0.0069481993085442895
0.11557351714238889,0.1476225481267939,2591.9526885111586,4.583459528447408e-05,0.006395389906042825
0.16287012153301553,0.22729350147150765,21426.641959796514,0.00037889636909102704,0.007502627234276638
0.10117989225876454,0.13405855397573752,7358.76691512568,0.00013012818669205865,0.006708876738117153
0.0971364328846902,0.2240471119880076,13286.018461294796,0.00023494228186135986,0.006601905877137271
0.2550540285702451,0.24283268438085404,19076.77232197443,0.001211359398492368,0.04703063575157729
0.16443558558698174,0.1523292253924699,7541.3270992581365,0.0010323211849094867,0.021129144630187557
0.17924579629983808,0.2187722769266326,12627.152891317217,0.00022329128341503282,0.007387302151196318
0.20226528154308399,0.1240115422469037,13023.75084550181,0.08469981004604503,0.6540404577871584
0.22669508545140143,0.19217336235284524,2937.9423770235476,0.011240437014431887,0.1385136883978797
0.24375819144472466,0.11922795561408309,5153.294557824671,0.15796280494679887,0.8064769478516345
0.2745061239941461,0.13495187265930236,7411.725320315818,0.15623548734635612,0.8038419739058122
0.1600229495051387,0.15637512283396796,5910.849973508906,0.00016640405336384355,0.010565198960861388
0.15128041121149377,0.10657401359892862,18576.472456024854,0.04715749667871244,0.46977075391974155
0.24010229304886999,0.14594366374665918,4627.010746663111,0.08717841483485973,0.6620590113588871
0.2624533211555958,0.16853958946700914,7184.5329468992,0.0712892636721667,0.6147264787993851
0.2288502414461292,0.2547021424769812,17419.007740843714,0.00030802767874489915,0.009019236378988493
0.09955981288983273,0.2211831398237739,4476.098211053,7.915273718789157e-05,0.006332405885922654
0.24501502873012054,0.08594852497448892,11302.512968212342,0.2777538570707505,0.9282742050559148
0.10381871513602434,0.07611959908583278,3799.6165170549716,0.012293880521758385,0.05660526872909566
0.2663338062924705,0.08139072713874895,15696.708272048363,0.32774271081198714,0.955529980452365
0.07918847123676066,0.13087534773132511,20539.533453754833,0.000363209254303762,0.007099339048933007
0.10977215985985042,0.1931674980851208,7618.5968448823605,0.00013472286919763768,0.0064986433036465785
0.17001342927984142,0.173175254032152,10268.773848825538,0.00018158706966949468,0.01040537405031039
0.17325237269368135,0.12814315182212924,4066.569727745721,0.035746054153053944,0.35759416746634254
0.25193292734528444,0.18701759338154192,8662.253367245736,0.03501343389131098,0.460011039287048
0.11515863387340883,0.10318010650611371,14127.31313227455,0.0020229504769324,0.026350108577810172
0.260838123234383,0.08012963654450549,16867.056328494742,0.3259169911705646,0.9546774142821363
0.22443652832927502,0.11098731555172625,11619.76090969704,0.15418910680552259,0.8006680516890932
0.14602541833799065,0.21144515667609426,6747.514607497918,0.00011931915369504347,0.006569388326610581
0.08185025504342844,0.2319670518114711,9125.592843317474,0.0001613717166051385,0.006437690295527099
0.26516953847901625,0.08666207833454656,20843.964978720578,0.3036248366666891,0.9435695074107082
0.21219829698931214,0.11789303135845895,14895.854134628746,0.11526851586075178,0.7296951409223368
0.09330976174695875,0.24355300425780735,19509.036110895526,0.00034498653408936906,0.0067461443420182565
0.0806015968622705,0.14718930580675182,18381.357861040982,0.0003250453228078945,0.006901909190314304
0.23518609745500108,0.22767929569735515,15146.608400537929,0.0005833492596643599,0.02678392308296096
0.1267464883415248,0.1848981088918596,8137.1381957950125,0.00014389245514829713,0.006640335796771701
0.11283618154847638,0.1987211956674064,11423.246883590391,0.00020200210446153803,0.0066526206520698405
0.1848849047918023,0.24226694268188348,18862.18808061397,0.0003335480468785765,0.007566175314142498
0.1366245652386926,0.07589731833238371,17869.43010820072,0.1153443142463587,0.7117836964339321
0.2809504986093717,0.21945178269415327,3203.524081830264,0.024628694296951293,0.39194254860760847
0.2823416490785539,0.1642661443137306,10009.519767301485,0.10058344335526158,0.6968207874206627
0.2636781918709425,0.20928577479011393,13473.405277585325,0.021839603469913114,0.3727186772595763
0.18730952092900094,0.2510043028419302,3414.0025852375397,6.037125117603674e-05,0.006422752896820927
0.16490948067798752,0.16332029118285946,5587.215200334371,0.00010444992411822005,0.009643123284071353
0.1798463275179084,0.20249270586232537,3535.5667127902193,6.252092104161124e-05,0.0067168631789782385
0.08542903845271069,0.17513328274484213,12908.387409561214,0.00022826447230882467,0.006632096001240595
0.10046576640259014,0.2499023602657312,8517.001890461768,0.00015060974546979476,0.006439984842900426
0.2198064253198968,0.12733123929521425,22499.23576344393,0.1020846894379592,0.7000110067339707
0.09419001015842346,0.24889470933151958,10234.763321455954,0.00018098564713415826,0.006479239934324088
0.22521231984274698,0.17947830360297942,13175.209027784726,0.021119499073790432,0.350856702870428
0.22365611303845184,0.10052889364334322,22019.30560964416,0.187787268254533,0.846946247789928
0.27912620807262,0.15889673820795036,13844.790106367904,0.10746373036112492,0.7128772531896297
0.13511856955351917,0.13933753185439707,3658.966102020525,6.470304461539113e-05,0.007340650333222953
0.25629561291825137,0.19211806210349125,14982.723917675668,0.03301937426103128,0.4495427895939823
0.1581226550095129,0.16654798382746622,23264.973834793127,0.0004114043688946104,0.012229977266588365
0.21621230918403977,0.1222652807746431,21185.329851473416,0.10967384704249164,0.7175143117813371
0.13211859622105707,0.2486918366727063,16716.87630474502,0.00029561159169487825,0.006815124306226217
0.12345505186078709,0.09867058565135815,23490.320175807316,0.01946145666793773,0.1543015086901508
0.14467000185927736,0.2140833991867094,23627.92396370775,0.00041782256948175357,0.007459220745142159
0.19185054094522502,0.12969883395064152,3932.1521685876487,0.05734266239680255,0.5484063557872305
0.24168420352783387,0.09549572078686186,11028.236475377973,0.2343148541847954,0.8952794315499947
0.11993368353151435,0.13893599854660163,16216.253314326868,0.0002867588636888361,0.008161398908425155
0.12894411436553307,0.22359256951087228,7790.150960428955,0.00013775653315698284,0.006511805481858035
0.25734919030876796,0.2059959707111065,11438.196401958023,0.020327430866155148,0.35718106264295413
0.1550006758261269,0.12500119017645073,6436.572665779464,0.016647878853102493,0.13064076819556125
0.19654708512600488,0.19846908114106926,6905.3289466209335,0.00012210985137862853,0.009761696039838563
0.08998208752226328,0.11008000984133903,23183.321953013434,0.0004099604841461825,0.008334544108087538
0.16846381446586506,0.0939674841358856,14649.576584565233,0.11398774968185728,0.723760802068854
0.24539600939966716,0.18780252765173866,19915.45922833933,0.028823872863371625,0.42250113039738124
0.21857850883845092,0.19537542206837252,12306.745711569629,0.005363521817595443,0.09794394339202639
0.2531994329533988,0.07953849400385937,18938.57166592302,0.31775722823861935,0.9508942980703973
0.17801860180950707,0.24516745517858068,17596.71405506306,0.000311170134634562,0.007304894654455385
0.1898378700307116,0.19604328709799668,15409.731602536684,0.00027249679925691223,0.011637860722450877
0.11161208160175007,0.07793156963247089,20387.79375506291,0.04935677086646354,0.3182655053533828
0.2729742323109936,0.13570696389159342,23430.156816958202,0.1524708701525248,0.7979507710191857
0.11884806790212155,0.181757300474871,6657.554144986312,0.00011772834480061414,0.0065252644059454745
0.1524573120242646,0.1608302258730534,2534.303064438057,4.481515260737395e-05,0.006847521499434017
0.09867554258809103,0.15461021270565645,19418.49798524809,0.00034338551013346935,0.007127050056374595
0.1860970466120539,0.17585351368512764,15543.708547301223,0.001179455378507605,0.03091405199895203
0.27634194576926185,0.24625847693994593,19168.224782641384,0.005800314245588209,0.1721442090841695
0.09208068311862304,0.1550747840355735,22791.45889283817,0.00040303100397099246,0.007171470630909171
0.21339293548914023,0.17657965336800907,7911.684684718199,0.014883305466129577,0.23817351946581844
0.12650667694036868,0.1886953725865143,2387.160662706677,4.221317130484592e-05,0.0063156685466796425
0.08790049129483818,0.22267114582959932,22396.62992144097,0.0003960490763336593,0.006840706749086323
0.1491558443556575,0.13353444040669132,16099.089210199427,0.003604882771149457,0.04829984260059628
0.26813787569107955,0.1517998893234453,20088.162305654292,0.10927012682314298,0.7168909354981909
0.25013351321257216,0.1448651742214086,5436.341697131918,0.10198197690300095,0.7000991618157597
0.19332839828451265,0.2087943681551026,12017.268512842524,0.0002125064400876002,0.008730399943564837
0.2094122403861461,0.21042289005834547,11821.278072010582,0.0002090406582564057,0.01300226315338504
0.13103264331944592,0.1703631980513584,15898.714022741131,0.00028114368213816087,0.007379242547011389
0.26975232691084566,0.20060335064377077,4295.981137004537,0.03457332339860165,0.45803271096074905
0.272561775906504,0.20199118333489816,7140.62834556915,0.0353611881750491,0.463480207352888
0.1561702680976639,0.14104076349852462,6578.272172312196,0.0016504878776809348,0.02489240849588359
0.1091569075322135,0.09262200308372956,15280.129834155956,0.0050698881489907675,0.04348169571450766
0.11798644980474791,0.09168656101619545,13381.926297243048,0.02034457320729748,0.12762873856629808
0.12229792293190087,0.17215355831423917,13742.91834455196,0.0002430218356770758,0.007014723617065011
0.19869727525524739,0.09591636166573289,2737.729139675282,0.1625219302849137,0.8126343484967408
0.14873911359516478,0.10226567290114161,10908.786740018493,0.0530883676332492,0.4784016316955433
0.23379184261187175,0.0722305704698118,8112.037533648185,0.32390227301082175,0.9537092297784608
0.2483049914796383,0.2562685223616337,21315.9856130414,0.00037693958612517267,0.01434165330156889
0.21458661860410427,0.09073559788052823,9668.885971800883,0.2097041472454319,0.8716066863333237
0.161921983009977,0.08357896951888533,11210.730683198892,0.1395957111229524,0.7730010221507841
0.10691631040897118,0.21201430920856745,3640.478983822667,6.437612908783117e-05,0.006318238846067192
0.1744534014108733,0.20378244107833793,6218.281071423729,0.00010996049331345097,0.006922915402552854
0.1463215572337263,0.24430166099254974,8789.074813191977,0.0001554209259965374,0.006573019316503226
0.20463390193785802,0.18949671332468537,19562.58548204737,0.002567311532772367,0.058916957628040834
0.22709083979730843,0.2132199015331586,18231.754823630254,0.001800568949378042,0.051483691418105715
0.18516471033164902,0.17156029393964334,2803.4653234690877,0.0005456422751556105,0.013989793261090622
0.2670936381483022,0.2373369540380475,13886.413995801442,0.005997380758551576,0.16074119870533776
0.11730075650826766,0.11273656697214009,9393.356904280005,0.0003361445119102042,0.012024506658832368
0.19926016285181836,0.08203715079974631,12088.651940625821,0.21933273316439372,0.8812835525985251
0.20302495929349246,0.08461261741809346,23077.594419293095,0.2150360557269078,0.877000761434544
0.14235314762880497,0.15783162024330055,14579.548716295598,0.00025781632427308306,0.00856901593240611
0.21719781995959753,0.0828573160946996,21784.48939308349,0.24718428147527227,0.9060701568751557
0.20092649471607577,0.07730674702063964,10446.679295904181,0.2440173019129986,0.9034151964785244
0.23238922802692852,0.1171429119911224,10781.751157540202,0.14760780991014166,0.7901940588775787
0.26900368142000797,0.16798566984283161,5037.592809788125,0.07921228360391303,0.639565142773364
0.20590029748666294,0.19454871991916722,6022.209675712778,0.0006582883550366067,0.019144843492057806
0.2140210145342829,0.20724992606291404,4810.950842508604,0.00022514525838292674,0.012513104030123179
0.15367858099839832,0.17398175621378248,17723.936173488728,0.00031341985714497685,0.008699025373210212
0.24824365829880868,0.12579381033144757,21699.646311413377,0.14591350033108857,0.7873520017269874
0.10769778828842788,0.12335970755202665,17120.54951927139,0.0003027499158228648,0.008385392572631933
0.2470349684248918,0.14367556147633004,10588.473519872534,0.10071875165234419,0.6970208349283047
0.08659503310091707,0.1443638728731368,18276.238244249038,0.00032318644817894236,0.006988743601396341
0.1668177645502838,0.10805750235164446,14219.980347375706,0.06895315816394572,0.5932044488766389
0.23656528305505492,0.1507096420972419,4093.1943806584814,0.07350112221965459,0.621246987741862
0.19239935737615776,0.07454687365948598,9572.997002054037,0.24140538709300555,0.9011936085570393
0.13835211354145216,0.18434649466916475,10496.21389242187,0.0001856089881234573,0.006918495405798919
0.17226220862664735,0.16013813749956046,14438.64775203806,0.0016527750170353438,0.033695479918175675
0.14760660834942307,0.14261468404150957,19760.26311872571,0.0006442371396188252,0.021081681773789773
0.1415995954727552,0.23592989440651646,11664.278171815731,0.00020626436264073716,0.006700065359482199
0.12109042618149757,0.18590945841310796,12596.982593450022,0.0002227577692816598,0.006820295318827219
0.22131194397617038,0.08920111871996075,22877.567700172825,0.22708419646155448,0.8887685002121636
0.09542572560381855,0.22495417103484305,9011.132613489814,0.00015934766796660716,0.006464639643726677
0.2313345568220332,0.12675227278309786,15245.702210228146,0.11977126294138628,0.7392636761933482
0.22958779620960595,0.14172800083561074,18523.46529834718,0.0827371699635275,0.6494507386137174
0.2339761344306061,0.1138154874825412,22571.90062060688,0.16002724245753153,0.8094477884918999
0.19577879168993734,0.09688867424186973,20280.28005727719,0.1540497229420392,0.80010855673762
0.25044165101483384,0.22057837116470286,9907.589780004684,0.006844291951982279,0.1511271585919931
0.08282711811610427,0.11461286904243681,11888.073417143638,0.0002102218285858761,0.006933443538984618
0.19812784973197684,0.10498105356717702,16510.914644122568,0.13085309134816384,0.7604800458010494
0.08424766279262065,0.21517326613836615,14048.038680195368,0.0002484174075790119,0.006595761509330722
0.11354678034797663,0.1319458192698315,16280.61693915683,0.0002878970328800405,0.008129048790873061
0.2577199698902437,0.17871750933896813,15651.802456399908,0.050994785350489215,0.5392587689392627
0.23852758105979843,0.14924161214478043,6171.841756477244,0.07868519802059794,0.6375914238378181
0.2404075340419991,0.23971309416000344,22720.12451008992,0.0004017695679202396,0.021945336148637584
0.08093789769685641,0.18209810077399446,21079.951583105947,0.00037276569657718515,0.006856629278578552
0.2604851333111311,0.16550872340565764,5006.916358431732,0.07425603501640123,0.6242417863924958
0.14030934099209463,0.1620788505272944,16582.94457598718,0.0002932432203080951,0.008255011967529868
0.2071375476604999,0.16477178705046636,13610.570128468433,0.02145045985119983,0.3384463755722924
0.2752350610094052,0.23559705843282294,19212.927335893015,0.010325068619253757,0.2540301748369276
0.17746586025637817,0.09343012416335873,12466.744662533665,0.1329516732517357,0.763265443446155
0.24310482771161246,0.14996442872373428,22217.56526780763,0.08300554465004244,0.6502578720114576
0.2710664977929883,0.18081839700789107,3100.0390485581433,0.060851707108289216,0.5784693257034821
0.13757216813263784,0.15335804878613774,20009.536470791983,0.0003538370935680472,0.009308454399083343
0.23711989037353304,0.08753335793163924,8910.59843416376,0.25911848323725417,0.9153296507783099
0.15857950465599852,0.08837476019857078,12777.169067067127,0.11427671208441363,0.7211941521523805
0.26335249210251,0.11652220870954039,5833.682868807307,0.19330815304995638,0.853623778651173
0.13468963231326325,0.2530187629617453,9441.504375313714,0.00016695811379476588,0.006543596412872943
0.1837550835197341,0.21801467910394517,17271.84685965951,0.0003054253706623936,0.008058555745750873
0.089573864039489,0.21632126995904047,20804.90004981659,0.00036790184402055024,0.006814147563638739
0.28182461974255674,0.1214181698634354,4236.504458223588,0.20286144628484595,0.8644446681765054
0.25440114630497784,0.11557455343806776,18765.179860917367,0.1840408467501841,0.8422738649184583
0.18872854702759534,0.1570498765803653,8317.65215752301,0.014048862217997775,0.17545177763065933
0.18224097590992533,0.13790842432081507,8612.514957736168,0.030954709341208343,0.3785199174484273
0.21065478282146194,0.20685057897111184,7812.469357904063,0.00019673430822349347,0.013415528378992181
0.14311989417209575,0.1905937010345078,12275.62439986328,0.00021707505647224556,0.007043335616668922
0.12802412190398366,0.09779967715209052,20618.759445917414,0.02919719823696943,0.23880631464018487
0.12541731144482185,0.2042575979903448,16343.232611762194,0.00028900429229301253,0.00693004263653596
0.16640173980545228,0.24756445541702476,4923.111097521285,8.705745505910675e-05,0.006451322706863993
0.1390955422282171,0.177364554878094,5673.746317975958,0.00010033125503559263,0.0066433830934463645
0.19451112215438268,0.23888158481964034,10822.989676729765,0.0001913875024801843,0.0071897399119136285
0.20988485518593603,0.2256156072966057,4542.027315428105,8.031858941578719e-05,0.0072147285400513406
0.12427065793786883,0.240880899705775,5350.917685288144,9.462253982984345e-05,0.006383348601697647
0.08707920332155154,0.21564135900067644,13088.692647567992,0.00023145288606666163,0.006575719960352111
